date,image_name,pull_count
2024-10-03,data-caterer-basic,5347
2024-10-03,duckdb,1226
2024-10-03,dse-server,191
2024-10-03,dse-base,53
2024-10-03,unitycatalog,1778
2024-10-03,maestro,80
2024-10-03,polaris,27
2024-10-03,neo4j,86
2024-10-03,fluentd-elasticsearch,31
2024-10-04,data-caterer-basic,5348
2024-10-04,duckdb,1235
2024-10-04,dse-server,192
2024-10-04,dse-base,53
2024-10-04,unitycatalog,1803
2024-10-04,maestro,81
2024-10-04,polaris,28
2024-10-04,neo4j,87
2024-10-04,fluentd-elasticsearch,32
2024-10-05,data-caterer-basic,5351
2024-10-05,duckdb,1241
2024-10-05,dse-server,193
2024-10-05,dse-base,53
2024-10-05,unitycatalog,1830
2024-10-05,maestro,82
2024-10-05,polaris,29
2024-10-05,neo4j,88
2024-10-05,fluentd-elasticsearch,33
2024-10-06,data-caterer-basic,5352
2024-10-06,duckdb,1247
2024-10-06,dse-server,194
2024-10-06,dse-base,53
2024-10-06,unitycatalog,1857
2024-10-06,maestro,83
2024-10-06,polaris,30
2024-10-06,neo4j,89
2024-10-06,fluentd-elasticsearch,34
2024-10-07,data-caterer-basic,5353
2024-10-07,duckdb,1255
2024-10-07,dse-server,195
2024-10-07,dse-base,53
2024-10-07,unitycatalog,1882
2024-10-07,maestro,84
2024-10-07,polaris,31
2024-10-07,neo4j,90
2024-10-07,fluentd-elasticsearch,35
2024-10-08,data-caterer-basic,5354
2024-10-08,duckdb,1263
2024-10-08,dse-server,196
2024-10-08,dse-base,53
2024-10-08,unitycatalog,1909
2024-10-08,maestro,85
2024-10-08,polaris,32
2024-10-08,neo4j,91
2024-10-08,fluentd-elasticsearch,36
2024-10-09,data-caterer-basic,5355
2024-10-09,duckdb,1272
2024-10-09,dse-server,197
2024-10-09,dse-base,53
2024-10-09,unitycatalog,1938
2024-10-09,maestro,86
2024-10-09,polaris,33
2024-10-09,neo4j,92
2024-10-09,fluentd-elasticsearch,37
2024-10-10,data-caterer-basic,5356
2024-10-10,duckdb,1283
2024-10-10,dse-server,198
2024-10-10,dse-base,53
2024-10-10,unitycatalog,1963
2024-10-10,maestro,87
2024-10-10,polaris,34
2024-10-10,neo4j,93
2024-10-10,fluentd-elasticsearch,38
2024-10-11,data-caterer-basic,5357
2024-10-11,duckdb,1301
2024-10-11,dse-server,199
2024-10-11,dse-base,53
2024-10-11,unitycatalog,1988
2024-10-11,maestro,88
2024-10-11,polaris,35
2024-10-11,neo4j,94
2024-10-11,fluentd-elasticsearch,39
2024-10-12,data-caterer-basic,5358
2024-10-12,duckdb,1309
2024-10-12,dse-server,200
2024-10-12,dse-base,53
2024-10-12,unitycatalog,2014
2024-10-12,maestro,89
2024-10-12,polaris,36
2024-10-12,neo4j,95
2024-10-12,fluentd-elasticsearch,40
2024-10-13,data-caterer-basic,5359
2024-10-13,duckdb,1315
2024-10-13,dse-server,201
2024-10-13,dse-base,53
2024-10-13,unitycatalog,2039
2024-10-13,maestro,90
2024-10-13,polaris,37
2024-10-13,neo4j,96
2024-10-13,fluentd-elasticsearch,41
2024-10-14,data-caterer-basic,5360
2024-10-14,duckdb,1321
2024-10-14,dse-server,202
2024-10-14,dse-base,53
2024-10-14,unitycatalog,2063
2024-10-14,maestro,91
2024-10-14,polaris,37
2024-10-14,neo4j,97
2024-10-14,fluentd-elasticsearch,42
2024-10-15,data-caterer-basic,5360
2024-10-15,duckdb,1329
2024-10-15,dse-server,202
2024-10-15,dse-base,53
2024-10-15,unitycatalog,2088
2024-10-15,maestro,91
2024-10-15,polaris,38
2024-10-15,neo4j,97
2024-10-15,fluentd-elasticsearch,42
2024-10-16,data-caterer-basic,5361
2024-10-16,duckdb,1343
2024-10-16,dse-server,203
2024-10-16,dse-base,53
2024-10-16,unitycatalog,2114
2024-10-16,maestro,92
2024-10-16,polaris,39
2024-10-16,neo4j,98
2024-10-16,fluentd-elasticsearch,43
2024-10-17,data-caterer-basic,5367
2024-10-17,duckdb,1351
2024-10-17,dse-server,204
2024-10-17,dse-base,53
2024-10-17,unitycatalog,2139
2024-10-17,maestro,93
2024-10-17,polaris,40
2024-10-17,neo4j,99
2024-10-17,fluentd-elasticsearch,44
2024-10-18,data-caterer,1616
2024-10-18,duckdb,1372
2024-10-18,dse-server,205
2024-10-18,dse-base,53
2024-10-18,unitycatalog,2164
2024-10-18,maestro,94
2024-10-18,polaris,41
2024-10-18,neo4j,100
2024-10-18,fluentd-elasticsearch,45
2024-10-19,data-caterer,1618
2024-10-19,duckdb,1392
2024-10-19,dse-server,206
2024-10-19,dse-base,53
2024-10-19,unitycatalog,2191
2024-10-19,maestro,97
2024-10-19,polaris,42
2024-10-19,neo4j,101
2024-10-19,fluentd-elasticsearch,46
2024-10-20,data-caterer,1624
2024-10-20,duckdb,1398
2024-10-20,dse-server,207
2024-10-20,dse-base,53
2024-10-20,unitycatalog,2219
2024-10-20,maestro,98
2024-10-20,polaris,43
2024-10-20,neo4j,102
2024-10-20,fluentd-elasticsearch,47
2024-10-21,data-caterer,1626
2024-10-21,duckdb,1405
2024-10-21,dse-server,208
2024-10-21,dse-base,53
2024-10-21,unitycatalog,2244
2024-10-21,maestro,99
2024-10-21,polaris,44
2024-10-21,neo4j,103
2024-10-21,fluentd-elasticsearch,48
2024-10-22,data-caterer,1630
2024-10-22,duckdb,1418
2024-10-22,dse-server,209
2024-10-22,dse-base,53
2024-10-22,unitycatalog,2269
2024-10-22,maestro,100
2024-10-22,polaris,45
2024-10-22,neo4j,104
2024-10-22,fluentd-elasticsearch,49
2024-10-23,data-caterer,1634
2024-10-23,duckdb,1428
2024-10-23,dse-server,210
2024-10-23,dse-base,53
2024-10-23,unitycatalog,2294
2024-10-23,maestro,101
2024-10-23,polaris,46
2024-10-23,neo4j,105
2024-10-23,fluentd-elasticsearch,50
2024-10-24,data-caterer,1641
2024-10-24,duckdb,1438
2024-10-24,dse-server,211
2024-10-24,dse-base,53
2024-10-24,unitycatalog,2319
2024-10-24,maestro,102
2024-10-24,polaris,47
2024-10-24,neo4j,106
2024-10-24,fluentd-elasticsearch,51
2024-10-25,data-caterer,1651
2024-10-25,duckdb,1458
2024-10-25,dse-server,212
2024-10-25,dse-base,53
2024-10-25,unitycatalog,2344
2024-10-25,maestro,103
2024-10-25,polaris,48
2024-10-25,neo4j,107
2024-10-25,fluentd-elasticsearch,52
2024-10-26,data-caterer,1660
2024-10-26,duckdb,1470
2024-10-26,dse-server,213
2024-10-26,dse-base,53
2024-10-26,unitycatalog,2370
2024-10-26,maestro,104
2024-10-26,polaris,49
2024-10-26,neo4j,108
2024-10-26,fluentd-elasticsearch,53
2024-10-27,data-caterer,1671
2024-10-27,duckdb,1476
2024-10-27,dse-server,214
2024-10-27,dse-base,53
2024-10-27,unitycatalog,2395
2024-10-27,maestro,105
2024-10-27,polaris,50
2024-10-27,neo4j,109
2024-10-27,fluentd-elasticsearch,54
2024-10-28,data-caterer,1677
2024-10-28,duckdb,1484
2024-10-28,dse-server,215
2024-10-28,dse-base,53
2024-10-28,unitycatalog,2421
2024-10-28,maestro,106
2024-10-28,polaris,51
2024-10-28,neo4j,110
2024-10-28,fluentd-elasticsearch,55
2024-10-29,data-caterer,1684
2024-10-29,duckdb,1494
2024-10-29,dse-server,216
2024-10-29,dse-base,53
2024-10-29,unitycatalog,2447
2024-10-29,maestro,107
2024-10-29,polaris,52
2024-10-29,neo4j,111
2024-10-29,fluentd-elasticsearch,56
2024-10-30,data-caterer,1688
2024-10-30,duckdb,1510
2024-10-30,dse-server,217
2024-10-30,dse-base,53
2024-10-30,unitycatalog,2474
2024-10-30,maestro,108
2024-10-30,polaris,53
2024-10-30,neo4j,112
2024-10-30,fluentd-elasticsearch,57
2024-10-31,data-caterer,1691
2024-10-31,duckdb,1533
2024-10-31,dse-server,217
2024-10-31,dse-base,53
2024-10-31,unitycatalog,2500
2024-10-31,maestro,108
2024-10-31,polaris,53
2024-10-31,neo4j,112
2024-10-31,fluentd-elasticsearch,57
2024-11-01,data-caterer,1694
2024-11-01,duckdb,1547
2024-11-01,dse-server,218
2024-11-01,dse-base,53
2024-11-01,unitycatalog,2526
2024-11-01,maestro,109
2024-11-01,polaris,54
2024-11-01,neo4j,113
2024-11-01,fluentd-elasticsearch,58
2024-11-02,data-caterer,1697
2024-11-02,duckdb,1554
2024-11-02,dse-server,219
2024-11-02,dse-base,53
2024-11-02,unitycatalog,2551
2024-11-02,maestro,110
2024-11-02,polaris,55
2024-11-02,neo4j,114
2024-11-02,fluentd-elasticsearch,59
2024-11-03,data-caterer,1700
2024-11-03,duckdb,1562
2024-11-03,dse-server,220
2024-11-03,dse-base,53
2024-11-03,unitycatalog,2576
2024-11-03,maestro,111
2024-11-03,polaris,58
2024-11-03,neo4j,115
2024-11-03,fluentd-elasticsearch,60
2024-11-04,data-caterer,1703
2024-11-04,duckdb,1569
2024-11-04,dse-server,221
2024-11-04,dse-base,53
2024-11-04,unitycatalog,2601
2024-11-04,maestro,112
2024-11-04,polaris,59
2024-11-04,neo4j,116
2024-11-04,fluentd-elasticsearch,61
2024-11-05,data-caterer,1705
2024-11-05,duckdb,1587
2024-11-05,dse-server,222
2024-11-05,dse-base,53
2024-11-05,unitycatalog,2627
2024-11-05,maestro,113
2024-11-05,polaris,60
2024-11-05,neo4j,117
2024-11-05,fluentd-elasticsearch,62
2024-11-06,data-caterer,1709
2024-11-06,duckdb,1592
2024-11-06,dse-server,223
2024-11-06,dse-base,53
2024-11-06,unitycatalog,2652
2024-11-06,maestro,114
2024-11-06,polaris,61
2024-11-06,neo4j,118
2024-11-06,fluentd-elasticsearch,63
2024-11-07,data-caterer,1715
2024-11-07,duckdb,1608
2024-11-07,dse-server,224
2024-11-07,dse-base,53
2024-11-07,unitycatalog,2677
2024-11-07,maestro,115
2024-11-07,polaris,62
2024-11-07,neo4j,119
2024-11-07,fluentd-elasticsearch,64
2024-11-08,data-caterer,1719
2024-11-08,duckdb,1622
2024-11-08,dse-server,225
2024-11-08,dse-base,53
2024-11-08,unitycatalog,2703
2024-11-08,maestro,116
2024-11-08,polaris,63
2024-11-08,neo4j,120
2024-11-08,fluentd-elasticsearch,65
2024-11-09,data-caterer,1723
2024-11-09,duckdb,1651
2024-11-09,dse-server,226
2024-11-09,dse-base,53
2024-11-09,unitycatalog,2792
2024-11-09,maestro,117
2024-11-09,polaris,64
2024-11-09,neo4j,121
2024-11-09,fluentd-elasticsearch,66
2024-11-10,data-caterer,1733
2024-11-10,duckdb,1660
2024-11-10,dse-server,227
2024-11-10,dse-base,53
2024-11-10,unitycatalog,2863
2024-11-10,maestro,118
2024-11-10,polaris,65
2024-11-10,neo4j,122
2024-11-10,fluentd-elasticsearch,67
2024-11-11,data-caterer,1737
2024-11-11,duckdb,1667
2024-11-11,dse-server,228
2024-11-11,dse-base,53
2024-11-11,unitycatalog,3027
2024-11-11,maestro,119
2024-11-11,polaris,66
2024-11-11,neo4j,123
2024-11-11,fluentd-elasticsearch,68
2024-11-12,data-caterer,1741
2024-11-12,duckdb,1675
2024-11-12,dse-server,229
2024-11-12,dse-base,53
2024-11-12,unitycatalog,3190
2024-11-12,maestro,120
2024-11-12,polaris,67
2024-11-12,neo4j,124
2024-11-12,fluentd-elasticsearch,69
2024-11-13,data-caterer,1746
2024-11-13,duckdb,1692
2024-11-13,dse-server,229
2024-11-13,dse-base,53
2024-11-13,unitycatalog,3346
2024-11-13,maestro,120
2024-11-13,polaris,67
2024-11-13,neo4j,124
2024-11-13,fluentd-elasticsearch,69
2024-11-14,data-caterer,1750
2024-11-14,duckdb,1704
2024-11-14,dse-server,230
2024-11-14,dse-base,53
2024-11-14,unitycatalog,3519
2024-11-14,maestro,121
2024-11-14,polaris,68
2024-11-14,neo4j,125
2024-11-14,fluentd-elasticsearch,70
2024-11-15,data-caterer,1752
2024-11-15,duckdb,1713
2024-11-15,dse-server,231
2024-11-15,dse-base,53
2024-11-15,unitycatalog,3706
2024-11-15,maestro,122
2024-11-15,polaris,69
2024-11-15,neo4j,126
2024-11-15,fluentd-elasticsearch,71
2024-11-16,data-caterer,1754
2024-11-16,duckdb,1723
2024-11-16,dse-server,232
2024-11-16,dse-base,53
2024-11-16,unitycatalog,3910
2024-11-16,maestro,123
2024-11-16,polaris,70
2024-11-16,neo4j,127
2024-11-16,fluentd-elasticsearch,72
2024-11-17,data-caterer,1756
2024-11-17,duckdb,1732
2024-11-17,dse-server,233
2024-11-17,dse-base,53
2024-11-17,unitycatalog,4014
2024-11-17,maestro,124
2024-11-17,polaris,71
2024-11-17,neo4j,128
2024-11-17,fluentd-elasticsearch,73
2024-11-18,data-caterer,1762
2024-11-18,duckdb,1739
2024-11-18,dse-server,234
2024-11-18,dse-base,53
2024-11-18,unitycatalog,4131
2024-11-18,maestro,125
2024-11-18,polaris,72
2024-11-18,neo4j,129
2024-11-18,fluentd-elasticsearch,74
2024-11-19,data-caterer,1769
2024-11-19,duckdb,1752
2024-11-19,dse-server,235
2024-11-19,dse-base,53
2024-11-19,unitycatalog,4296
2024-11-19,maestro,126
2024-11-19,polaris,73
2024-11-19,neo4j,130
2024-11-19,fluentd-elasticsearch,75
2024-11-20,data-caterer,1776
2024-11-20,duckdb,1771
2024-11-20,dse-server,236
2024-11-20,dse-base,53
2024-11-20,unitycatalog,4452
2024-11-20,maestro,130
2024-11-20,polaris,74
2024-11-20,neo4j,131
2024-11-20,fluentd-elasticsearch,76
2024-11-21,data-caterer,1781
2024-11-21,duckdb,1784
2024-11-21,dse-server,237
2024-11-21,dse-base,53
2024-11-21,unitycatalog,4633
2024-11-21,maestro,131
2024-11-21,polaris,75
2024-11-21,neo4j,132
2024-11-21,fluentd-elasticsearch,77
2024-11-22,data-caterer,1782
2024-11-22,duckdb,1809
2024-11-22,dse-server,238
2024-11-22,dse-base,53
2024-11-22,unitycatalog,4809
2024-11-22,maestro,132
2024-11-22,polaris,76
2024-11-22,neo4j,133
2024-11-22,fluentd-elasticsearch,78
2024-11-23,data-caterer,1783
2024-11-23,duckdb,1822
2024-11-23,dse-server,240
2024-11-23,dse-base,53
2024-11-23,unitycatalog,5024
2024-11-23,maestro,133
2024-11-23,polaris,77
2024-11-23,neo4j,134
2024-11-23,fluentd-elasticsearch,79
2024-11-24,data-caterer,1787
2024-11-24,duckdb,1832
2024-11-24,dse-server,240
2024-11-24,dse-base,53
2024-11-24,unitycatalog,5062
2024-11-24,maestro,133
2024-11-24,polaris,77
2024-11-24,neo4j,135
2024-11-24,fluentd-elasticsearch,79
2024-11-25,data-caterer,1791
2024-11-25,duckdb,1840
2024-11-25,dse-server,241
2024-11-25,dse-base,53
2024-11-25,unitycatalog,5087
2024-11-25,maestro,134
2024-11-25,polaris,79
2024-11-25,neo4j,136
2024-11-25,fluentd-elasticsearch,80
2024-11-26,data-caterer,1798
2024-11-26,duckdb,1857
2024-11-26,dse-server,242
2024-11-26,dse-base,53
2024-11-26,unitycatalog,5112
2024-11-26,maestro,135
2024-11-26,polaris,80
2024-11-26,neo4j,137
2024-11-26,fluentd-elasticsearch,81
2024-11-27,data-caterer,1799
2024-11-27,duckdb,1864
2024-11-27,dse-server,243
2024-11-27,dse-base,53
2024-11-27,unitycatalog,5137
2024-11-27,maestro,136
2024-11-27,polaris,83
2024-11-27,neo4j,138
2024-11-27,fluentd-elasticsearch,82
2024-11-28,data-caterer,1801
2024-11-28,duckdb,1879
2024-11-28,dse-server,244
2024-11-28,dse-base,53
2024-11-28,unitycatalog,5320
2024-11-28,maestro,137
2024-11-28,polaris,84
2024-11-28,neo4j,140
2024-11-28,fluentd-elasticsearch,83
2024-11-29,data-caterer,1803
2024-11-29,duckdb,1888
2024-11-29,dse-server,246
2024-11-29,dse-base,53
2024-11-29,unitycatalog,5509
2024-11-29,maestro,138
2024-11-29,polaris,85
2024-11-29,neo4j,142
2024-11-29,fluentd-elasticsearch,84
2024-11-30,data-caterer,1814
2024-11-30,duckdb,1897
2024-11-30,dse-server,248
2024-11-30,dse-base,53
2024-11-30,unitycatalog,5676
2024-11-30,maestro,140
2024-11-30,polaris,87
2024-11-30,neo4j,143
2024-11-30,fluentd-elasticsearch,85
2024-12-01,data-caterer,2173
2024-12-01,duckdb,1907
2024-12-01,dse-server,249
2024-12-01,dse-base,53
2024-12-01,unitycatalog,5730
2024-12-01,maestro,141
2024-12-01,polaris,88
2024-12-01,neo4j,144
2024-12-01,fluentd-elasticsearch,86
2024-12-02,data-caterer,2176
2024-12-02,duckdb,1917
2024-12-02,dse-server,250
2024-12-02,dse-base,53
2024-12-02,unitycatalog,5877
2024-12-02,maestro,142
2024-12-02,polaris,89
2024-12-02,neo4j,145
2024-12-02,fluentd-elasticsearch,88
2024-12-03,data-caterer,2182
2024-12-03,duckdb,1936
2024-12-03,dse-server,251
2024-12-03,dse-base,53
2024-12-03,unitycatalog,6041
2024-12-03,maestro,143
2024-12-03,polaris,90
2024-12-03,neo4j,147
2024-12-03,fluentd-elasticsearch,89
2024-12-04,data-caterer,2186
2024-12-04,duckdb,1944
2024-12-04,dse-server,252
2024-12-04,dse-base,53
2024-12-04,unitycatalog,6229
2024-12-04,maestro,144
2024-12-04,polaris,91
2024-12-04,neo4j,148
2024-12-04,fluentd-elasticsearch,90
2024-12-05,data-caterer,2208
2024-12-05,duckdb,1961
2024-12-05,dse-server,253
2024-12-05,dse-base,53
2024-12-05,unitycatalog,6394
2024-12-05,maestro,145
2024-12-05,polaris,92
2024-12-05,neo4j,156
2024-12-05,fluentd-elasticsearch,91
2024-12-06,data-caterer,2315
2024-12-06,duckdb,1984
2024-12-06,dse-server,255
2024-12-06,dse-base,53
2024-12-06,unitycatalog,6485
2024-12-06,maestro,146
2024-12-06,polaris,94
2024-12-06,neo4j,157
2024-12-06,fluentd-elasticsearch,95
2024-12-07,data-caterer,2448
2024-12-07,duckdb,2003
2024-12-07,dse-server,258
2024-12-07,dse-base,53
2024-12-07,unitycatalog,6673
2024-12-07,maestro,147
2024-12-07,polaris,95
2024-12-07,neo4j,158
2024-12-07,fluentd-elasticsearch,97
2024-12-08,data-caterer,2452
2024-12-08,duckdb,2013
2024-12-08,dse-server,259
2024-12-08,dse-base,53
2024-12-08,unitycatalog,6758
2024-12-08,maestro,148
2024-12-08,polaris,97
2024-12-08,neo4j,159
2024-12-08,fluentd-elasticsearch,98
2024-12-09,data-caterer,2453
2024-12-09,duckdb,2025
2024-12-09,dse-server,260
2024-12-09,dse-base,53
2024-12-09,unitycatalog,6910
2024-12-09,maestro,149
2024-12-09,polaris,98
2024-12-09,neo4j,160
2024-12-09,fluentd-elasticsearch,99
2024-12-10,data-caterer,2454
2024-12-10,duckdb,2041
2024-12-10,dse-server,261
2024-12-10,dse-base,53
2024-12-10,unitycatalog,7081
2024-12-10,maestro,150
2024-12-10,polaris,99
2024-12-10,neo4j,161
2024-12-10,fluentd-elasticsearch,100
2024-12-11,data-caterer,2456
2024-12-11,duckdb,2068
2024-12-11,dse-server,262
2024-12-11,dse-base,53
2024-12-11,unitycatalog,7207
2024-12-11,maestro,151
2024-12-11,polaris,100
2024-12-11,neo4j,162
2024-12-11,fluentd-elasticsearch,101
2024-12-12,data-caterer,2457
2024-12-12,duckdb,2081
2024-12-12,dse-server,263
2024-12-12,dse-base,53
2024-12-12,unitycatalog,7339
2024-12-12,maestro,152
2024-12-12,polaris,101
2024-12-12,neo4j,163
2024-12-12,fluentd-elasticsearch,102
2024-12-13,data-caterer,2457
2024-12-13,duckdb,2102
2024-12-13,dse-server,263
2024-12-13,dse-base,53
2024-12-13,unitycatalog,7487
2024-12-13,maestro,152
2024-12-13,polaris,101
2024-12-13,neo4j,163
2024-12-13,fluentd-elasticsearch,102
2024-12-14,data-caterer,2458
2024-12-14,duckdb,2142
2024-12-14,dse-server,264
2024-12-14,dse-base,54
2024-12-14,unitycatalog,7633
2024-12-14,maestro,153
2024-12-14,polaris,102
2024-12-14,neo4j,164
2024-12-14,fluentd-elasticsearch,103
2024-12-15,data-caterer,2459
2024-12-15,duckdb,2174
2024-12-15,dse-server,265
2024-12-15,dse-base,54
2024-12-15,unitycatalog,7720
2024-12-15,maestro,154
2024-12-15,polaris,103
2024-12-15,neo4j,165
2024-12-15,fluentd-elasticsearch,104
2024-12-16,data-caterer,2460
2024-12-16,duckdb,2183
2024-12-16,dse-server,267
2024-12-16,dse-base,54
2024-12-16,unitycatalog,7834
2024-12-16,maestro,155
2024-12-16,polaris,104
2024-12-16,neo4j,166
2024-12-16,fluentd-elasticsearch,105
2024-12-17,data-caterer,2461
2024-12-17,duckdb,2200
2024-12-17,dse-server,272
2024-12-17,dse-base,55
2024-12-17,unitycatalog,8002
2024-12-17,maestro,157
2024-12-17,polaris,105
2024-12-17,neo4j,167
2024-12-17,fluentd-elasticsearch,106
2024-12-18,data-caterer,2462
2024-12-18,duckdb,2216
2024-12-18,dse-server,274
2024-12-18,dse-base,56
2024-12-18,unitycatalog,8179
2024-12-18,maestro,158
2024-12-18,polaris,107
2024-12-18,neo4j,168
2024-12-18,fluentd-elasticsearch,107
2024-12-19,data-caterer,2463
2024-12-19,duckdb,2246
2024-12-19,dse-server,275
2024-12-19,dse-base,56
2024-12-19,unitycatalog,8348
2024-12-19,maestro,159
2024-12-19,polaris,108
2024-12-19,neo4j,169
2024-12-19,fluentd-elasticsearch,108
2024-12-20,data-caterer,2465
2024-12-20,duckdb,2261
2024-12-20,dse-server,276
2024-12-20,dse-base,57
2024-12-20,unitycatalog,8531
2024-12-20,maestro,160
2024-12-20,polaris,109
2024-12-20,neo4j,170
2024-12-20,fluentd-elasticsearch,109
2024-12-21,data-caterer,2467
2024-12-21,duckdb,2278
2024-12-21,dse-server,277
2024-12-21,dse-base,57
2024-12-21,unitycatalog,8566
2024-12-21,maestro,162
2024-12-21,polaris,110
2024-12-21,neo4j,172
2024-12-21,fluentd-elasticsearch,110
2024-12-22,data-caterer,2468
2024-12-22,duckdb,2289
2024-12-22,dse-server,278
2024-12-22,dse-base,57
2024-12-22,unitycatalog,8591
2024-12-22,maestro,163
2024-12-22,polaris,112
2024-12-22,neo4j,173
2024-12-22,fluentd-elasticsearch,112
2024-12-23,data-caterer,2469
2024-12-23,duckdb,2301
2024-12-23,dse-server,279
2024-12-23,dse-base,57
2024-12-23,unitycatalog,8616
2024-12-23,maestro,164
2024-12-23,polaris,113
2024-12-23,neo4j,174
2024-12-23,fluentd-elasticsearch,113
2024-12-24,data-caterer,2469
2024-12-24,duckdb,2312
2024-12-24,dse-server,279
2024-12-24,dse-base,57
2024-12-24,unitycatalog,8641
2024-12-24,maestro,164
2024-12-24,polaris,113
2024-12-24,neo4j,175
2024-12-24,fluentd-elasticsearch,113
2024-12-25,data-caterer,2471
2024-12-25,duckdb,2327
2024-12-25,dse-server,280
2024-12-25,dse-base,57
2024-12-25,unitycatalog,8669
2024-12-25,maestro,166
2024-12-25,polaris,114
2024-12-25,neo4j,176
2024-12-25,fluentd-elasticsearch,114
2024-12-26,data-caterer,2478
2024-12-26,duckdb,2333
2024-12-26,dse-server,281
2024-12-26,dse-base,57
2024-12-26,unitycatalog,8696
2024-12-26,maestro,168
2024-12-26,polaris,115
2024-12-26,neo4j,177
2024-12-26,fluentd-elasticsearch,115
2024-12-27,data-caterer,2513
2024-12-27,duckdb,2340
2024-12-27,dse-server,283
2024-12-27,dse-base,57
2024-12-27,unitycatalog,8721
2024-12-27,maestro,169
2024-12-27,polaris,116
2024-12-27,neo4j,179
2024-12-27,fluentd-elasticsearch,116
2024-12-28,data-caterer,2514
2024-12-28,duckdb,2348
2024-12-28,dse-server,284
2024-12-28,dse-base,57
2024-12-28,unitycatalog,8746
2024-12-28,maestro,170
2024-12-28,polaris,117
2024-12-28,neo4j,180
2024-12-28,fluentd-elasticsearch,117
2024-12-29,data-caterer,2515
2024-12-29,duckdb,2359
2024-12-29,dse-server,285
2024-12-29,dse-base,57
2024-12-29,unitycatalog,8771
2024-12-29,maestro,171
2024-12-29,polaris,118
2024-12-29,neo4j,181
2024-12-29,fluentd-elasticsearch,118
2024-12-30,data-caterer,2516
2024-12-30,duckdb,2365
2024-12-30,dse-server,286
2024-12-30,dse-base,57
2024-12-30,unitycatalog,8796
2024-12-30,maestro,172
2024-12-30,polaris,119
2024-12-30,neo4j,182
2024-12-30,fluentd-elasticsearch,119
2024-12-31,data-caterer,2526
2024-12-31,duckdb,2380
2024-12-31,dse-server,288
2024-12-31,dse-base,59
2024-12-31,unitycatalog,8822
2024-12-31,maestro,174
2024-12-31,polaris,121
2024-12-31,neo4j,183
2024-12-31,fluentd-elasticsearch,120
2025-01-01,data-caterer,2527
2025-01-01,duckdb,2386
2025-01-01,dse-server,289
2025-01-01,dse-base,59
2025-01-01,unitycatalog,8847
2025-01-01,maestro,175
2025-01-01,polaris,122
2025-01-01,neo4j,184
2025-01-01,fluentd-elasticsearch,121
2025-01-02,data-caterer,2528
2025-01-02,duckdb,2393
2025-01-02,dse-server,290
2025-01-02,dse-base,59
2025-01-02,unitycatalog,8872
2025-01-02,maestro,176
2025-01-02,polaris,123
2025-01-02,neo4j,185
2025-01-02,fluentd-elasticsearch,122
2025-01-03,data-caterer,2528
2025-01-03,duckdb,2405
2025-01-03,dse-server,291
2025-01-03,dse-base,59
2025-01-03,unitycatalog,8897
2025-01-03,maestro,177
2025-01-03,polaris,124
2025-01-03,neo4j,186
2025-01-03,fluentd-elasticsearch,123
2025-01-04,data-caterer,2529
2025-01-04,duckdb,2418
2025-01-04,dse-server,292
2025-01-04,dse-base,59
2025-01-04,unitycatalog,8924
2025-01-04,maestro,178
2025-01-04,polaris,125
2025-01-04,neo4j,187
2025-01-04,fluentd-elasticsearch,124
2025-01-05,data-caterer,2530
2025-01-05,duckdb,2426
2025-01-05,dse-server,292
2025-01-05,dse-base,59
2025-01-05,unitycatalog,8948
2025-01-05,maestro,178
2025-01-05,polaris,125
2025-01-05,neo4j,187
2025-01-05,fluentd-elasticsearch,124
2025-01-06,data-caterer,2531
2025-01-06,duckdb,2432
2025-01-06,dse-server,293
2025-01-06,dse-base,59
2025-01-06,unitycatalog,8973
2025-01-06,maestro,179
2025-01-06,polaris,126
2025-01-06,neo4j,188
2025-01-06,fluentd-elasticsearch,125
2025-01-07,data-caterer,2533
2025-01-07,duckdb,2447
2025-01-07,dse-server,294
2025-01-07,dse-base,59
2025-01-07,unitycatalog,8999
2025-01-07,maestro,180
2025-01-07,polaris,127
2025-01-07,neo4j,189
2025-01-07,fluentd-elasticsearch,126
2025-01-08,data-caterer,2533
2025-01-08,duckdb,2460
2025-01-08,dse-server,295
2025-01-08,dse-base,59
2025-01-08,unitycatalog,9024
2025-01-08,maestro,181
2025-01-08,polaris,128
2025-01-08,neo4j,190
2025-01-08,fluentd-elasticsearch,127
2025-01-09,data-caterer,2534
2025-01-09,duckdb,2475
2025-01-09,dse-server,296
2025-01-09,dse-base,59
2025-01-09,unitycatalog,9051
2025-01-09,maestro,182
2025-01-09,polaris,129
2025-01-09,neo4j,191
2025-01-09,fluentd-elasticsearch,128
2025-01-10,data-caterer,2536
2025-01-10,duckdb,2485
2025-01-10,dse-server,297
2025-01-10,dse-base,59
2025-01-10,unitycatalog,9076
2025-01-10,maestro,183
2025-01-10,polaris,130
2025-01-10,neo4j,192
2025-01-10,fluentd-elasticsearch,129
2025-01-11,data-caterer,2549
2025-01-11,duckdb,2492
2025-01-11,dse-server,298
2025-01-11,dse-base,59
2025-01-11,unitycatalog,9101
2025-01-11,maestro,184
2025-01-11,polaris,131
2025-01-11,neo4j,193
2025-01-11,fluentd-elasticsearch,130
2025-01-12,data-caterer,2550
2025-01-12,duckdb,2501
2025-01-12,dse-server,299
2025-01-12,dse-base,59
2025-01-12,unitycatalog,9126
2025-01-12,maestro,185
2025-01-12,polaris,132
2025-01-12,neo4j,194
2025-01-12,fluentd-elasticsearch,131
2025-01-13,data-caterer,2551
2025-01-13,duckdb,2511
2025-01-13,dse-server,300
2025-01-13,dse-base,59
2025-01-13,unitycatalog,9152
2025-01-13,maestro,186
2025-01-13,polaris,133
2025-01-13,neo4j,195
2025-01-13,fluentd-elasticsearch,132
2025-01-14,data-caterer,2557
2025-01-14,duckdb,2526
2025-01-14,dse-server,300
2025-01-14,dse-base,59
2025-01-14,unitycatalog,9176
2025-01-14,maestro,186
2025-01-14,polaris,133
2025-01-14,neo4j,195
2025-01-14,fluentd-elasticsearch,132
2025-01-15,data-caterer,2566
2025-01-15,duckdb,2535
2025-01-15,dse-server,301
2025-01-15,dse-base,59
2025-01-15,unitycatalog,9201
2025-01-15,maestro,187
2025-01-15,polaris,134
2025-01-15,neo4j,196
2025-01-15,fluentd-elasticsearch,133
2025-01-16,data-caterer,2569
2025-01-16,duckdb,2550
2025-01-16,dse-server,302
2025-01-16,dse-base,59
2025-01-16,unitycatalog,9226
2025-01-16,maestro,188
2025-01-16,polaris,135
2025-01-16,neo4j,197
2025-01-16,fluentd-elasticsearch,134
2025-01-17,data-caterer,2570
2025-01-17,duckdb,2594
2025-01-17,dse-server,303
2025-01-17,dse-base,59
2025-01-17,unitycatalog,9252
2025-01-17,maestro,189
2025-01-17,polaris,136
2025-01-17,neo4j,198
2025-01-17,fluentd-elasticsearch,135
2025-01-18,data-caterer,2572
2025-01-18,duckdb,2600
2025-01-18,dse-server,304
2025-01-18,dse-base,59
2025-01-18,unitycatalog,9279
2025-01-18,maestro,190
2025-01-18,polaris,137
2025-01-18,neo4j,199
2025-01-18,fluentd-elasticsearch,136
2025-01-19,data-caterer,2582
2025-01-19,duckdb,2606
2025-01-19,dse-server,304
2025-01-19,dse-base,59
2025-01-19,unitycatalog,9304
2025-01-19,maestro,190
2025-01-19,polaris,137
2025-01-19,neo4j,200
2025-01-19,fluentd-elasticsearch,136
2025-01-20,data-caterer,2583
2025-01-20,duckdb,2615
2025-01-20,dse-server,306
2025-01-20,dse-base,60
2025-01-20,unitycatalog,9330
2025-01-20,maestro,192
2025-01-20,polaris,139
2025-01-20,neo4j,201
2025-01-20,fluentd-elasticsearch,138
2025-01-21,data-caterer,2593
2025-01-21,duckdb,2626
2025-01-21,dse-server,307
2025-01-21,dse-base,60
2025-01-21,unitycatalog,9355
2025-01-21,maestro,193
2025-01-21,polaris,140
2025-01-21,neo4j,202
2025-01-21,fluentd-elasticsearch,139
2025-01-22,data-caterer,2595
2025-01-22,duckdb,2640
2025-01-22,dse-server,308
2025-01-22,dse-base,60
2025-01-22,unitycatalog,9380
2025-01-22,maestro,194
2025-01-22,polaris,141
2025-01-22,neo4j,203
2025-01-22,fluentd-elasticsearch,140
2025-01-23,data-caterer,2603
2025-01-23,duckdb,2652
2025-01-23,dse-server,309
2025-01-23,dse-base,60
2025-01-23,unitycatalog,9405
2025-01-23,maestro,195
2025-01-23,polaris,142
2025-01-23,neo4j,204
2025-01-23,fluentd-elasticsearch,141
2025-01-24,data-caterer,2613
2025-01-24,duckdb,2675
2025-01-24,dse-server,310
2025-01-24,dse-base,60
2025-01-24,unitycatalog,9431
2025-01-24,maestro,196
2025-01-24,polaris,143
2025-01-24,neo4j,205
2025-01-24,fluentd-elasticsearch,142
2025-01-25,data-caterer,2616
2025-01-25,duckdb,2694
2025-01-25,dse-server,311
2025-01-25,dse-base,60
2025-01-25,unitycatalog,9456
2025-01-25,maestro,197
2025-01-25,polaris,144
2025-01-25,neo4j,206
2025-01-25,fluentd-elasticsearch,143
2025-01-26,data-caterer,2618
2025-01-26,duckdb,2701
2025-01-26,dse-server,312
2025-01-26,dse-base,60
2025-01-26,unitycatalog,9481
2025-01-26,maestro,198
2025-01-26,polaris,145
2025-01-26,neo4j,207
2025-01-26,fluentd-elasticsearch,144
2025-01-27,data-caterer,2619
2025-01-27,duckdb,2711
2025-01-27,dse-server,312
2025-01-27,dse-base,60
2025-01-27,unitycatalog,9505
2025-01-27,maestro,199
2025-01-27,polaris,145
2025-01-27,neo4j,207
2025-01-27,fluentd-elasticsearch,144
2025-01-28,data-caterer,2621
2025-01-28,duckdb,2722
2025-01-28,dse-server,313
2025-01-28,dse-base,60
2025-01-28,unitycatalog,9531
2025-01-28,maestro,201
2025-01-28,polaris,146
2025-01-28,neo4j,208
2025-01-28,fluentd-elasticsearch,145
2025-01-29,data-caterer,2644
2025-01-29,duckdb,2733
2025-01-29,dse-server,314
2025-01-29,dse-base,60
2025-01-29,unitycatalog,9556
2025-01-29,maestro,202
2025-01-29,polaris,147
2025-01-29,neo4j,209
2025-01-29,fluentd-elasticsearch,146
2025-01-30,data-caterer,2646
2025-01-30,duckdb,2746
2025-01-30,dse-server,315
2025-01-30,dse-base,60
2025-01-30,unitycatalog,9582
2025-01-30,maestro,205
2025-01-30,polaris,148
2025-01-30,neo4j,210
2025-01-30,fluentd-elasticsearch,147
2025-01-31,data-caterer,2647
2025-01-31,duckdb,2759
2025-01-31,dse-server,316
2025-01-31,dse-base,60
2025-01-31,unitycatalog,9607
2025-01-31,maestro,206
2025-01-31,polaris,149
2025-01-31,neo4j,211
2025-01-31,fluentd-elasticsearch,148
2025-02-01,data-caterer,2653
2025-02-01,duckdb,2765
2025-02-01,dse-server,316
2025-02-01,dse-base,60
2025-02-01,unitycatalog,9631
2025-02-01,maestro,206
2025-02-01,polaris,149
2025-02-01,neo4j,211
2025-02-01,fluentd-elasticsearch,148
2025-02-02,data-caterer,2654
2025-02-02,duckdb,2771
2025-02-02,dse-server,317
2025-02-02,dse-base,60
2025-02-02,unitycatalog,9656
2025-02-02,maestro,207
2025-02-02,polaris,150
2025-02-02,neo4j,212
2025-02-02,fluentd-elasticsearch,149
2025-02-03,data-caterer,2671
2025-02-03,duckdb,2777
2025-02-03,dse-server,318
2025-02-03,dse-base,60
2025-02-03,unitycatalog,9682
2025-02-03,maestro,208
2025-02-03,polaris,151
2025-02-03,neo4j,213
2025-02-03,fluentd-elasticsearch,150
2025-02-04,data-caterer,2673
2025-02-04,duckdb,2783
2025-02-04,dse-server,319
2025-02-04,dse-base,60
2025-02-04,unitycatalog,9707
2025-02-04,maestro,209
2025-02-04,polaris,152
2025-02-04,neo4j,214
2025-02-04,fluentd-elasticsearch,151
2025-02-05,data-caterer,2674
2025-02-05,duckdb,2827
2025-02-05,dse-server,319
2025-02-05,dse-base,60
2025-02-05,unitycatalog,9741
2025-02-05,maestro,209
2025-02-05,polaris,152
2025-02-05,neo4j,214
2025-02-05,fluentd-elasticsearch,151
2025-02-06,data-caterer,2676
2025-02-06,duckdb,2838
2025-02-06,dse-server,320
2025-02-06,dse-base,60
2025-02-06,unitycatalog,9770
2025-02-06,maestro,210
2025-02-06,polaris,153
2025-02-06,neo4j,215
2025-02-06,fluentd-elasticsearch,152
2025-02-07,data-caterer,2677
2025-02-07,duckdb,2867
2025-02-07,dse-server,321
2025-02-07,dse-base,60
2025-02-07,unitycatalog,9804
2025-02-07,maestro,211
2025-02-07,polaris,154
2025-02-07,neo4j,216
2025-02-07,fluentd-elasticsearch,153
2025-02-08,data-caterer,2678
2025-02-08,duckdb,2883
2025-02-08,dse-server,322
2025-02-08,dse-base,60
2025-02-08,unitycatalog,9834
2025-02-08,maestro,212
2025-02-08,polaris,155
2025-02-08,neo4j,217
2025-02-08,fluentd-elasticsearch,154
2025-02-09,data-caterer,2678
2025-02-09,duckdb,2892
2025-02-09,dse-server,323
2025-02-09,dse-base,60
2025-02-09,unitycatalog,9884
2025-02-09,maestro,213
2025-02-09,polaris,156
2025-02-09,neo4j,218
2025-02-09,fluentd-elasticsearch,155
2025-02-10,data-caterer,2679
2025-02-10,duckdb,2898
2025-02-10,dse-server,324
2025-02-10,dse-base,60
2025-02-10,unitycatalog,9913
2025-02-10,maestro,214
2025-02-10,polaris,157
2025-02-10,neo4j,219
2025-02-10,fluentd-elasticsearch,156
2025-02-11,data-caterer,2679
2025-02-11,duckdb,2908
2025-02-11,dse-server,324
2025-02-11,dse-base,60
2025-02-11,unitycatalog,9943
2025-02-11,maestro,214
2025-02-11,polaris,157
2025-02-11,neo4j,219
2025-02-11,fluentd-elasticsearch,156
2025-02-12,data-caterer,2681
2025-02-12,duckdb,2917
2025-02-12,dse-server,325
2025-02-12,dse-base,60
2025-02-12,unitycatalog,9973
2025-02-12,maestro,216
2025-02-12,polaris,158
2025-02-12,neo4j,220
2025-02-12,fluentd-elasticsearch,157
2025-02-13,data-caterer,2682
2025-02-13,duckdb,2932
2025-02-13,dse-server,326
2025-02-13,dse-base,60
2025-02-13,unitycatalog,10004
2025-02-13,maestro,219
2025-02-13,polaris,159
2025-02-13,neo4j,221
2025-02-13,fluentd-elasticsearch,158
2025-02-14,data-caterer,2683
2025-02-14,duckdb,2950
2025-02-14,dse-server,327
2025-02-14,dse-base,60
2025-02-14,unitycatalog,10037
2025-02-14,maestro,220
2025-02-14,polaris,160
2025-02-14,neo4j,222
2025-02-14,fluentd-elasticsearch,159
2025-02-15,data-caterer,2685
2025-02-15,duckdb,2965
2025-02-15,dse-server,328
2025-02-15,dse-base,60
2025-02-15,unitycatalog,10067
2025-02-15,maestro,221
2025-02-15,polaris,161
2025-02-15,neo4j,223
2025-02-15,fluentd-elasticsearch,160
2025-02-16,data-caterer,2686
2025-02-16,duckdb,2973
2025-02-16,dse-server,329
2025-02-16,dse-base,60
2025-02-16,unitycatalog,10097
2025-02-16,maestro,222
2025-02-16,polaris,162
2025-02-16,neo4j,224
2025-02-16,fluentd-elasticsearch,161
2025-02-17,data-caterer,2687
2025-02-17,duckdb,2980
2025-02-17,dse-server,330
2025-02-17,dse-base,60
2025-02-17,unitycatalog,10129
2025-02-17,maestro,223
2025-02-17,polaris,163
2025-02-17,neo4j,225
2025-02-17,fluentd-elasticsearch,162
2025-02-18,data-caterer,2688
2025-02-18,duckdb,2997
2025-02-18,dse-server,331
2025-02-18,dse-base,60
2025-02-18,unitycatalog,10161
2025-02-18,maestro,224
2025-02-18,polaris,164
2025-02-18,neo4j,226
2025-02-18,fluentd-elasticsearch,163
2025-02-19,data-caterer,2690
2025-02-19,duckdb,3009
2025-02-19,dse-server,332
2025-02-19,dse-base,60
2025-02-19,unitycatalog,10192
2025-02-19,maestro,225
2025-02-19,polaris,165
2025-02-19,neo4j,227
2025-02-19,fluentd-elasticsearch,164
2025-02-20,data-caterer,2693
2025-02-20,duckdb,3026
2025-02-20,dse-server,333
2025-02-20,dse-base,60
2025-02-20,unitycatalog,10224
2025-02-20,maestro,226
2025-02-20,polaris,167
2025-02-20,neo4j,228
2025-02-20,fluentd-elasticsearch,165
2025-02-21,data-caterer,2704
2025-02-21,duckdb,3044
2025-02-21,dse-server,333
2025-02-21,dse-base,60
2025-02-21,unitycatalog,10254
2025-02-21,maestro,226
2025-02-21,polaris,167
2025-02-21,neo4j,228
2025-02-21,fluentd-elasticsearch,165
2025-02-22,data-caterer,2708
2025-02-22,duckdb,3066
2025-02-22,dse-server,334
2025-02-22,dse-base,60
2025-02-22,unitycatalog,10284
2025-02-22,maestro,227
2025-02-22,polaris,168
2025-02-22,neo4j,229
2025-02-22,fluentd-elasticsearch,166
2025-02-23,data-caterer,2709
2025-02-23,duckdb,3074
2025-02-23,dse-server,335
2025-02-23,dse-base,60
2025-02-23,unitycatalog,10315
2025-02-23,maestro,228
2025-02-23,polaris,169
2025-02-23,neo4j,230
2025-02-23,fluentd-elasticsearch,167
2025-02-24,data-caterer,2710
2025-02-24,duckdb,3081
2025-02-24,dse-server,336
2025-02-24,dse-base,60
2025-02-24,unitycatalog,10344
2025-02-24,maestro,229
2025-02-24,polaris,170
2025-02-24,neo4j,231
2025-02-24,fluentd-elasticsearch,168
2025-02-25,data-caterer,2714
2025-02-25,duckdb,3096
2025-02-25,dse-server,340
2025-02-25,dse-base,60
2025-02-25,unitycatalog,10377
2025-02-25,maestro,233
2025-02-25,polaris,174
2025-02-25,neo4j,235
2025-02-25,fluentd-elasticsearch,172
2025-02-26,data-caterer,2726
2025-02-26,duckdb,3118
2025-02-26,dse-server,344
2025-02-26,dse-base,60
2025-02-26,unitycatalog,10411
2025-02-26,maestro,236
2025-02-26,polaris,177
2025-02-26,neo4j,240
2025-02-26,fluentd-elasticsearch,175
2025-02-27,data-caterer,2731
2025-02-27,duckdb,3137
2025-02-27,dse-server,347
2025-02-27,dse-base,60
2025-02-27,unitycatalog,10443
2025-02-27,maestro,237
2025-02-27,polaris,178
2025-02-27,neo4j,240
2025-02-27,fluentd-elasticsearch,177
2025-02-28,data-caterer,2743
2025-02-28,duckdb,3168
2025-02-28,dse-server,349
2025-02-28,dse-base,60
2025-02-28,unitycatalog,10470
2025-02-28,maestro,240
2025-02-28,polaris,179
2025-02-28,neo4j,243
2025-02-28,fluentd-elasticsearch,178
2025-03-01,data-caterer,2748
2025-03-01,duckdb,3192
2025-03-01,dse-server,350
2025-03-01,dse-base,60
2025-03-01,unitycatalog,10495
2025-03-01,maestro,241
2025-03-01,polaris,181
2025-03-01,neo4j,244
2025-03-01,fluentd-elasticsearch,180
2025-03-02,data-caterer,2750
2025-03-02,duckdb,3214
2025-03-02,dse-server,351
2025-03-02,dse-base,60
2025-03-02,unitycatalog,10520
2025-03-02,maestro,243
2025-03-02,polaris,182
2025-03-02,neo4j,246
2025-03-02,fluentd-elasticsearch,181
2025-03-03,data-caterer,2752
2025-03-03,duckdb,3242
2025-03-03,dse-server,352
2025-03-03,dse-base,60
2025-03-03,unitycatalog,10546
2025-03-03,maestro,244
2025-03-03,polaris,183
2025-03-03,neo4j,249
2025-03-03,fluentd-elasticsearch,184
2025-03-04,data-caterer,2758
2025-03-04,duckdb,3264
2025-03-04,dse-server,355
2025-03-04,dse-base,60
2025-03-04,unitycatalog,10574
2025-03-04,maestro,245
2025-03-04,polaris,183
2025-03-04,neo4j,250
2025-03-04,fluentd-elasticsearch,187
2025-03-05,data-caterer,2759
2025-03-05,duckdb,3292
2025-03-05,dse-server,356
2025-03-05,dse-base,60
2025-03-05,unitycatalog,10606
2025-03-05,maestro,247
2025-03-05,polaris,184
2025-03-05,neo4j,252
2025-03-05,fluentd-elasticsearch,189
2025-03-06,data-caterer,2760
2025-03-06,duckdb,3315
2025-03-06,dse-server,357
2025-03-06,dse-base,60
2025-03-06,unitycatalog,10637
2025-03-06,maestro,250
2025-03-06,polaris,185
2025-03-06,neo4j,253
2025-03-06,fluentd-elasticsearch,191
2025-03-07,data-caterer,2763
2025-03-07,duckdb,3342
2025-03-07,dse-server,359
2025-03-07,dse-base,60
2025-03-07,unitycatalog,10667
2025-03-07,maestro,251
2025-03-07,polaris,186
2025-03-07,neo4j,255
2025-03-07,fluentd-elasticsearch,194
2025-03-08,data-caterer,2764
2025-03-08,duckdb,3397
2025-03-08,dse-server,367
2025-03-08,dse-base,60
2025-03-08,unitycatalog,10696
2025-03-08,maestro,252
2025-03-08,polaris,187
2025-03-08,neo4j,256
2025-03-08,fluentd-elasticsearch,195
2025-03-09,data-caterer,2777
2025-03-09,duckdb,3421
2025-03-09,dse-server,369
2025-03-09,dse-base,60
2025-03-09,unitycatalog,10726
2025-03-09,maestro,253
2025-03-09,polaris,188
2025-03-09,neo4j,257
2025-03-09,fluentd-elasticsearch,197
2025-03-10,data-caterer,2778
2025-03-10,duckdb,3447
2025-03-10,dse-server,370
2025-03-10,dse-base,60
2025-03-10,unitycatalog,10757
2025-03-10,maestro,255
2025-03-10,polaris,189
2025-03-10,neo4j,258
2025-03-10,fluentd-elasticsearch,198
2025-03-11,data-caterer,3154
2025-03-11,duckdb,3479
2025-03-11,dse-server,371
2025-03-11,dse-base,60
2025-03-11,unitycatalog,10787
2025-03-11,maestro,258
2025-03-11,polaris,190
2025-03-11,neo4j,258
2025-03-11,fluentd-elasticsearch,199
2025-03-12,data-caterer,3155
2025-03-12,duckdb,3517
2025-03-12,dse-server,372
2025-03-12,dse-base,60
2025-03-12,unitycatalog,10817
2025-03-12,maestro,261
2025-03-12,polaris,191
2025-03-12,neo4j,260
2025-03-12,fluentd-elasticsearch,200
2025-03-13,data-caterer,3160
2025-03-13,duckdb,3571
2025-03-13,dse-server,373
2025-03-13,dse-base,60
2025-03-13,unitycatalog,10847
2025-03-13,maestro,262
2025-03-13,polaris,192
2025-03-13,neo4j,261
2025-03-13,fluentd-elasticsearch,201
2025-03-14,data-caterer,3170
2025-03-14,duckdb,3623
2025-03-14,dse-server,374
2025-03-14,dse-base,60
2025-03-14,unitycatalog,10876
2025-03-14,maestro,263
2025-03-14,polaris,194
2025-03-14,neo4j,263
2025-03-14,fluentd-elasticsearch,203
2025-03-15,data-caterer,3171
2025-03-15,duckdb,3661
2025-03-15,dse-server,376
2025-03-15,dse-base,60
2025-03-15,unitycatalog,10909
2025-03-15,maestro,265
2025-03-15,polaris,195
2025-03-15,neo4j,265
2025-03-15,fluentd-elasticsearch,204
2025-03-16,data-caterer,3172
2025-03-16,duckdb,3690
2025-03-16,dse-server,377
2025-03-16,dse-base,60
2025-03-16,unitycatalog,10942
2025-03-16,maestro,266
2025-03-16,polaris,196
2025-03-16,neo4j,266
2025-03-16,fluentd-elasticsearch,204
2025-03-17,data-caterer,3174
2025-03-17,duckdb,3722
2025-03-17,dse-server,378
2025-03-17,dse-base,60
2025-03-17,unitycatalog,10971
2025-03-17,maestro,267
2025-03-17,polaris,197
2025-03-17,neo4j,267
2025-03-17,fluentd-elasticsearch,205
2025-03-18,data-caterer,3178
2025-03-18,duckdb,3764
2025-03-18,dse-server,379
2025-03-18,dse-base,60
2025-03-18,unitycatalog,11003
2025-03-18,maestro,268
2025-03-18,polaris,198
2025-03-18,neo4j,268
2025-03-18,fluentd-elasticsearch,207
2025-03-19,data-caterer,3179
2025-03-19,duckdb,3815
2025-03-19,dse-server,380
2025-03-19,dse-base,60
2025-03-19,unitycatalog,11035
2025-03-19,maestro,269
2025-03-19,polaris,199
2025-03-19,neo4j,269
2025-03-19,fluentd-elasticsearch,208
2025-03-20,data-caterer,3180
2025-03-20,duckdb,3862
2025-03-20,dse-server,382
2025-03-20,dse-base,60
2025-03-20,unitycatalog,11063
2025-03-20,maestro,271
2025-03-20,polaris,200
2025-03-20,neo4j,269
2025-03-20,fluentd-elasticsearch,210
2025-03-21,data-caterer,3181
2025-03-21,duckdb,3922
2025-03-21,dse-server,386
2025-03-21,dse-base,60
2025-03-21,unitycatalog,11085
2025-03-21,maestro,272
2025-03-21,polaris,201
2025-03-21,neo4j,270
2025-03-21,fluentd-elasticsearch,211
2025-03-22,data-caterer,3183
2025-03-22,duckdb,3954
2025-03-22,dse-server,387
2025-03-22,dse-base,60
2025-03-22,unitycatalog,11087
2025-03-22,maestro,273
2025-03-22,polaris,202
2025-03-22,neo4j,271
2025-03-22,fluentd-elasticsearch,211
2025-03-23,data-caterer,3184
2025-03-23,duckdb,3991
2025-03-23,dse-server,389
2025-03-23,dse-base,60
2025-03-23,unitycatalog,11088
2025-03-23,maestro,274
2025-03-23,polaris,204
2025-03-23,neo4j,273
2025-03-23,fluentd-elasticsearch,213
2025-03-24,data-caterer,3186
2025-03-24,duckdb,4027
2025-03-24,dse-server,391
2025-03-24,dse-base,60
2025-03-24,unitycatalog,11091
2025-03-24,maestro,275
2025-03-24,polaris,205
2025-03-24,neo4j,274
2025-03-24,fluentd-elasticsearch,214
2025-03-25,data-caterer,3186
2025-03-25,duckdb,4064
2025-03-25,dse-server,392
2025-03-25,dse-base,60
2025-03-25,unitycatalog,11091
2025-03-25,maestro,277
2025-03-25,polaris,205
2025-03-25,neo4j,275
2025-03-25,fluentd-elasticsearch,215
2025-03-26,data-caterer,3192
2025-03-26,duckdb,4101
2025-03-26,dse-server,394
2025-03-26,dse-base,60
2025-03-26,unitycatalog,11093
2025-03-26,maestro,279
2025-03-26,polaris,207
2025-03-26,neo4j,276
2025-03-26,fluentd-elasticsearch,218
2025-03-27,data-caterer,3259
2025-03-27,duckdb,4145
2025-03-27,dse-server,394
2025-03-27,dse-base,60
2025-03-27,unitycatalog,11101
2025-03-27,maestro,279
2025-03-27,polaris,207
2025-03-27,neo4j,277
2025-03-27,fluentd-elasticsearch,219
2025-03-28,data-caterer,3259
2025-03-28,duckdb,4179
2025-03-28,dse-server,394
2025-03-28,dse-base,60
2025-03-28,unitycatalog,11102
2025-03-28,maestro,279
2025-03-28,polaris,207
2025-03-28,neo4j,278
2025-03-28,fluentd-elasticsearch,219
2025-03-29,data-caterer,3260
2025-03-29,duckdb,4244
2025-03-29,dse-server,396
2025-03-29,dse-base,60
2025-03-29,unitycatalog,11103
2025-03-29,maestro,282
2025-03-29,polaris,208
2025-03-29,neo4j,279
2025-03-29,fluentd-elasticsearch,220
2025-03-30,data-caterer,3262
2025-03-30,duckdb,4271
2025-03-30,dse-server,397
2025-03-30,dse-base,60
2025-03-30,unitycatalog,11105
2025-03-30,maestro,284
2025-03-30,polaris,210
2025-03-30,neo4j,280
2025-03-30,fluentd-elasticsearch,222
2025-03-31,data-caterer,3263
2025-03-31,duckdb,4297
2025-03-31,dse-server,398
2025-03-31,dse-base,60
2025-03-31,unitycatalog,11106
2025-03-31,maestro,285
2025-03-31,polaris,210
2025-03-31,neo4j,281
2025-03-31,fluentd-elasticsearch,223
2025-04-01,data-caterer,3266
2025-04-01,duckdb,4335
2025-04-01,dse-server,400
2025-04-01,dse-base,60
2025-04-01,unitycatalog,11109
2025-04-01,maestro,286
2025-04-01,polaris,211
2025-04-01,neo4j,282
2025-04-01,fluentd-elasticsearch,224
2025-04-02,data-caterer,3268
2025-04-02,duckdb,4382
2025-04-02,dse-server,401
2025-04-02,dse-base,60
2025-04-02,unitycatalog,11111
2025-04-02,maestro,288
2025-04-02,polaris,212
2025-04-02,neo4j,284
2025-04-02,fluentd-elasticsearch,226
2025-04-03,data-caterer,3269
2025-04-03,duckdb,4424
2025-04-03,dse-server,402
2025-04-03,dse-base,60
2025-04-03,unitycatalog,11114
2025-04-03,maestro,289
2025-04-03,polaris,213
2025-04-03,neo4j,285
2025-04-03,fluentd-elasticsearch,227
2025-04-04,data-caterer,3269
2025-04-04,duckdb,4466
2025-04-04,dse-server,403
2025-04-04,dse-base,60
2025-04-04,unitycatalog,11114
2025-04-04,maestro,290
2025-04-04,polaris,214
2025-04-04,neo4j,285
2025-04-04,fluentd-elasticsearch,227
2025-04-05,data-caterer,3270
2025-04-05,duckdb,4512
2025-04-05,dse-server,404
2025-04-05,dse-base,60
2025-04-05,unitycatalog,11115
2025-04-05,maestro,291
2025-04-05,polaris,215
2025-04-05,neo4j,286
2025-04-05,fluentd-elasticsearch,228
2025-04-06,data-caterer,3271
2025-04-06,duckdb,4542
2025-04-06,dse-server,405
2025-04-06,dse-base,60
2025-04-06,unitycatalog,11116
2025-04-06,maestro,292
2025-04-06,polaris,216
2025-04-06,neo4j,287
2025-04-06,fluentd-elasticsearch,229
2025-04-07,data-caterer,3272
2025-04-07,duckdb,4575
2025-04-07,dse-server,406
2025-04-07,dse-base,60
2025-04-07,unitycatalog,11117
2025-04-07,maestro,293
2025-04-07,polaris,217
2025-04-07,neo4j,288
2025-04-07,fluentd-elasticsearch,230
2025-04-08,data-caterer,3273
2025-04-08,duckdb,4611
2025-04-08,dse-server,407
2025-04-08,dse-base,60
2025-04-08,unitycatalog,11119
2025-04-08,maestro,294
2025-04-08,polaris,218
2025-04-08,neo4j,289
2025-04-08,fluentd-elasticsearch,231
2025-04-09,data-caterer,3274
2025-04-09,duckdb,4650
2025-04-09,dse-server,408
2025-04-09,dse-base,60
2025-04-09,unitycatalog,11120
2025-04-09,maestro,295
2025-04-09,polaris,219
2025-04-09,neo4j,290
2025-04-09,fluentd-elasticsearch,232
2025-04-10,data-caterer,3278
2025-04-10,duckdb,4710
2025-04-10,dse-server,409
2025-04-10,dse-base,60
2025-04-10,unitycatalog,11124
2025-04-10,maestro,296
2025-04-10,polaris,220
2025-04-10,neo4j,291
2025-04-10,fluentd-elasticsearch,233
2025-04-11,data-caterer,3281
2025-04-11,duckdb,4741
2025-04-11,dse-server,410
2025-04-11,dse-base,60
2025-04-11,unitycatalog,11126
2025-04-11,maestro,297
2025-04-11,polaris,221
2025-04-11,neo4j,292
2025-04-11,fluentd-elasticsearch,234
2025-04-12,data-caterer,3282
2025-04-12,duckdb,4780
2025-04-12,dse-server,410
2025-04-12,dse-base,60
2025-04-12,unitycatalog,11129
2025-04-12,maestro,298
2025-04-12,polaris,221
2025-04-12,neo4j,293
2025-04-12,fluentd-elasticsearch,235
2025-04-13,data-caterer,3283
2025-04-13,duckdb,4806
2025-04-13,dse-server,411
2025-04-13,dse-base,60
2025-04-13,unitycatalog,11130
2025-04-13,maestro,299
2025-04-13,polaris,222
2025-04-13,neo4j,294
2025-04-13,fluentd-elasticsearch,236
2025-04-14,data-caterer,3284
2025-04-14,duckdb,4829
2025-04-14,dse-server,412
2025-04-14,dse-base,60
2025-04-14,unitycatalog,11131
2025-04-14,maestro,300
2025-04-14,polaris,223
2025-04-14,neo4j,295
2025-04-14,fluentd-elasticsearch,237
2025-04-15,data-caterer,3284
2025-04-15,duckdb,4847
2025-04-15,dse-server,413
2025-04-15,dse-base,60
2025-04-15,unitycatalog,11132
2025-04-15,maestro,300
2025-04-15,polaris,224
2025-04-15,neo4j,295
2025-04-15,fluentd-elasticsearch,237
2025-04-16,data-caterer,3285
2025-04-16,duckdb,4885
2025-04-16,dse-server,414
2025-04-16,dse-base,60
2025-04-16,unitycatalog,11135
2025-04-16,maestro,301
2025-04-16,polaris,225
2025-04-16,neo4j,296
2025-04-16,fluentd-elasticsearch,238
2025-04-17,data-caterer,3286
2025-04-17,duckdb,4918
2025-04-17,dse-server,415
2025-04-17,dse-base,60
2025-04-17,unitycatalog,11136
2025-04-17,maestro,302
2025-04-17,polaris,226
2025-04-17,neo4j,297
2025-04-17,fluentd-elasticsearch,239
2025-04-18,data-caterer,3287
2025-04-18,duckdb,4941
2025-04-18,dse-server,416
2025-04-18,dse-base,60
2025-04-18,unitycatalog,11162
2025-04-18,maestro,303
2025-04-18,polaris,227
2025-04-18,neo4j,298
2025-04-18,fluentd-elasticsearch,240
2025-04-19,data-caterer,3288
2025-04-19,duckdb,4975
2025-04-19,dse-server,417
2025-04-19,dse-base,60
2025-04-19,unitycatalog,11163
2025-04-19,maestro,304
2025-04-19,polaris,228
2025-04-19,neo4j,299
2025-04-19,fluentd-elasticsearch,241
2025-04-20,data-caterer,3289
2025-04-20,duckdb,4995
2025-04-20,dse-server,418
2025-04-20,dse-base,60
2025-04-20,unitycatalog,11164
2025-04-20,maestro,305
2025-04-20,polaris,229
2025-04-20,neo4j,300
2025-04-20,fluentd-elasticsearch,242
2025-04-21,data-caterer,3290
2025-04-21,duckdb,5016
2025-04-21,dse-server,419
2025-04-21,dse-base,60
2025-04-21,unitycatalog,11165
2025-04-21,maestro,306
2025-04-21,polaris,230
2025-04-21,neo4j,301
2025-04-21,fluentd-elasticsearch,243
2025-04-22,data-caterer,3291
2025-04-22,duckdb,5047
2025-04-22,dse-server,420
2025-04-22,dse-base,60
2025-04-22,unitycatalog,11166
2025-04-22,maestro,307
2025-04-22,polaris,231
2025-04-22,neo4j,302
2025-04-22,fluentd-elasticsearch,244
2025-04-23,data-caterer,3292
2025-04-23,duckdb,5088
2025-04-23,dse-server,421
2025-04-23,dse-base,60
2025-04-23,unitycatalog,11167
2025-04-23,maestro,308
2025-04-23,polaris,232
2025-04-23,neo4j,303
2025-04-23,fluentd-elasticsearch,245
2025-04-24,data-caterer,3294
2025-04-24,duckdb,5115
2025-04-24,dse-server,421
2025-04-24,dse-base,60
2025-04-24,unitycatalog,11168
2025-04-24,maestro,308
2025-04-24,polaris,232
2025-04-24,neo4j,303
2025-04-24,fluentd-elasticsearch,245
2025-04-25,data-caterer,3299
2025-04-25,duckdb,5146
2025-04-25,dse-server,425
2025-04-25,dse-base,60
2025-04-25,unitycatalog,11172
2025-04-25,maestro,312
2025-04-25,polaris,236
2025-04-25,neo4j,307
2025-04-25,fluentd-elasticsearch,249
2025-04-26,data-caterer,3304
2025-04-26,duckdb,5196
2025-04-26,dse-server,430
2025-04-26,dse-base,60
2025-04-26,unitycatalog,11177
2025-04-26,maestro,317
2025-04-26,polaris,241
2025-04-26,neo4j,312
2025-04-26,fluentd-elasticsearch,254
2025-04-27,data-caterer,3311
2025-04-27,duckdb,5222
2025-04-27,dse-server,437
2025-04-27,dse-base,60
2025-04-27,unitycatalog,11184
2025-04-27,maestro,324
2025-04-27,polaris,248
2025-04-27,neo4j,319
2025-04-27,fluentd-elasticsearch,261
2025-04-28,data-caterer,3316
2025-04-28,duckdb,5250
2025-04-28,dse-server,443
2025-04-28,dse-base,60
2025-04-28,unitycatalog,11190
2025-04-28,maestro,330
2025-04-28,polaris,254
2025-04-28,neo4j,325
2025-04-28,fluentd-elasticsearch,267
2025-04-29,data-caterer,3320
2025-04-29,duckdb,5281
2025-04-29,dse-server,469
2025-04-29,dse-base,60
2025-04-29,unitycatalog,11194
2025-04-29,maestro,334
2025-04-29,polaris,258
2025-04-29,neo4j,329
2025-04-29,fluentd-elasticsearch,271
2025-04-30,data-caterer,3324
2025-04-30,duckdb,5309
2025-04-30,dse-server,473
2025-04-30,dse-base,60
2025-04-30,unitycatalog,11198
2025-04-30,maestro,338
2025-04-30,polaris,262
2025-04-30,neo4j,333
2025-04-30,fluentd-elasticsearch,275
2025-05-01,data-caterer,3330
2025-05-01,duckdb,5341
2025-05-01,dse-server,480
2025-05-01,dse-base,60
2025-05-01,unitycatalog,11204
2025-05-01,maestro,344
2025-05-01,polaris,268
2025-05-01,neo4j,339
2025-05-01,fluentd-elasticsearch,281
2025-05-02,data-caterer,3338
2025-05-02,duckdb,5376
2025-05-02,dse-server,485
2025-05-02,dse-base,60
2025-05-02,unitycatalog,11209
2025-05-02,maestro,349
2025-05-02,polaris,273
2025-05-02,neo4j,345
2025-05-02,fluentd-elasticsearch,286
2025-05-03,data-caterer,3347
2025-05-03,duckdb,5413
2025-05-03,dse-server,491
2025-05-03,dse-base,60
2025-05-03,unitycatalog,11215
2025-05-03,maestro,355
2025-05-03,polaris,279
2025-05-03,neo4j,352
2025-05-03,fluentd-elasticsearch,292
2025-05-04,data-caterer,3353
2025-05-04,duckdb,5435
2025-05-04,dse-server,497
2025-05-04,dse-base,60
2025-05-04,unitycatalog,11221
2025-05-04,maestro,361
2025-05-04,polaris,285
2025-05-04,neo4j,358
2025-05-04,fluentd-elasticsearch,298
2025-05-05,data-caterer,3359
2025-05-05,duckdb,5457
2025-05-05,dse-server,503
2025-05-05,dse-base,60
2025-05-05,unitycatalog,11227
2025-05-05,maestro,367
2025-05-05,polaris,291
2025-05-05,neo4j,364
2025-05-05,fluentd-elasticsearch,304
2025-05-06,data-caterer,3364
2025-05-06,duckdb,5490
2025-05-06,dse-server,508
2025-05-06,dse-base,60
2025-05-06,unitycatalog,11232
2025-05-06,maestro,372
2025-05-06,polaris,296
2025-05-06,neo4j,369
2025-05-06,fluentd-elasticsearch,309
2025-05-07,data-caterer,3369
2025-05-07,duckdb,5520
2025-05-07,dse-server,513
2025-05-07,dse-base,60
2025-05-07,unitycatalog,11237
2025-05-07,maestro,377
2025-05-07,polaris,301
2025-05-07,neo4j,374
2025-05-07,fluentd-elasticsearch,314
2025-05-08,data-caterer,3381
2025-05-08,duckdb,5602
2025-05-08,dse-server,518
2025-05-08,dse-base,60
2025-05-08,unitycatalog,11243
2025-05-08,maestro,382
2025-05-08,polaris,306
2025-05-08,neo4j,379
2025-05-08,fluentd-elasticsearch,319
2025-05-09,data-caterer,3386
2025-05-09,duckdb,5629
2025-05-09,dse-server,523
2025-05-09,dse-base,60
2025-05-09,unitycatalog,11248
2025-05-09,maestro,387
2025-05-09,polaris,311
2025-05-09,neo4j,384
2025-05-09,fluentd-elasticsearch,324
2025-05-10,data-caterer,3391
2025-05-10,duckdb,5659
2025-05-10,dse-server,528
2025-05-10,dse-base,60
2025-05-10,unitycatalog,11253
2025-05-10,maestro,392
2025-05-10,polaris,316
2025-05-10,neo4j,389
2025-05-10,fluentd-elasticsearch,329
2025-05-11,data-caterer,3397
2025-05-11,duckdb,5696
2025-05-11,dse-server,534
2025-05-11,dse-base,60
2025-05-11,unitycatalog,11259
2025-05-11,maestro,398
2025-05-11,polaris,322
2025-05-11,neo4j,395
2025-05-11,fluentd-elasticsearch,335
2025-05-12,data-caterer,3403
2025-05-12,duckdb,5719
2025-05-12,dse-server,540
2025-05-12,dse-base,60
2025-05-12,unitycatalog,11265
2025-05-12,maestro,404
2025-05-12,polaris,328
2025-05-12,neo4j,401
2025-05-12,fluentd-elasticsearch,341
2025-05-13,data-caterer,3409
2025-05-13,duckdb,5743
2025-05-13,dse-server,545
2025-05-13,dse-base,60
2025-05-13,unitycatalog,11270
2025-05-13,maestro,409
2025-05-13,polaris,333
2025-05-13,neo4j,406
2025-05-13,fluentd-elasticsearch,346
2025-05-14,data-caterer,3414
2025-05-14,duckdb,5776
2025-05-14,dse-server,550
2025-05-14,dse-base,60
2025-05-14,unitycatalog,11275
2025-05-14,maestro,414
2025-05-14,polaris,338
2025-05-14,neo4j,411
2025-05-14,fluentd-elasticsearch,351
2025-05-15,data-caterer,3419
2025-05-15,duckdb,5815
2025-05-15,dse-server,555
2025-05-15,dse-base,60
2025-05-15,unitycatalog,11280
2025-05-15,maestro,419
2025-05-15,polaris,343
2025-05-15,neo4j,416
2025-05-15,fluentd-elasticsearch,356
2025-05-16,data-caterer,3424
2025-05-16,duckdb,5841
2025-05-16,dse-server,562
2025-05-16,dse-base,60
2025-05-16,unitycatalog,11285
2025-05-16,maestro,424
2025-05-16,polaris,348
2025-05-16,neo4j,421
2025-05-16,fluentd-elasticsearch,361
2025-05-17,data-caterer,3429
2025-05-17,duckdb,5880
2025-05-17,dse-server,567
2025-05-17,dse-base,60
2025-05-17,unitycatalog,11292
2025-05-17,maestro,429
2025-05-17,polaris,353
2025-05-17,neo4j,427
2025-05-17,fluentd-elasticsearch,366
2025-05-18,data-caterer,3435
2025-05-18,duckdb,5910
2025-05-18,dse-server,573
2025-05-18,dse-base,60
2025-05-18,unitycatalog,11299
2025-05-18,maestro,435
2025-05-18,polaris,359
2025-05-18,neo4j,433
2025-05-18,fluentd-elasticsearch,372
2025-05-19,data-caterer,3442
2025-05-19,duckdb,5943
2025-05-19,dse-server,579
2025-05-19,dse-base,60
2025-05-19,unitycatalog,11305
2025-05-19,maestro,441
2025-05-19,polaris,365
2025-05-19,neo4j,439
2025-05-19,fluentd-elasticsearch,378
2025-05-20,data-caterer,3448
2025-05-20,duckdb,5977
2025-05-20,dse-server,585
2025-05-20,dse-base,60
2025-05-20,unitycatalog,11312
2025-05-20,maestro,447
2025-05-20,polaris,371
2025-05-20,neo4j,445
2025-05-20,fluentd-elasticsearch,384
2025-05-21,data-caterer,3454
2025-05-21,duckdb,6012
2025-05-21,dse-server,591
2025-05-21,dse-base,60
2025-05-21,unitycatalog,11318
2025-05-21,maestro,453
2025-05-21,polaris,377
2025-05-21,neo4j,451
2025-05-21,fluentd-elasticsearch,390
2025-05-22,data-caterer,3460
2025-05-22,duckdb,6049
2025-05-22,dse-server,599
2025-05-22,dse-base,60
2025-05-22,unitycatalog,11324
2025-05-22,maestro,460
2025-05-22,polaris,383
2025-05-22,neo4j,458
2025-05-22,fluentd-elasticsearch,397
2025-05-23,data-caterer,3465
2025-05-23,duckdb,6097
2025-05-23,dse-server,604
2025-05-23,dse-base,60
2025-05-23,unitycatalog,11330
2025-05-23,maestro,465
2025-05-23,polaris,388
2025-05-23,neo4j,463
2025-05-23,fluentd-elasticsearch,402
2025-05-24,data-caterer,3470
2025-05-24,duckdb,6138
2025-05-24,dse-server,609
2025-05-24,dse-base,60
2025-05-24,unitycatalog,11335
2025-05-24,maestro,470
2025-05-24,polaris,393
2025-05-24,neo4j,468
2025-05-24,fluentd-elasticsearch,407
2025-05-25,data-caterer,3476
2025-05-25,duckdb,6164
2025-05-25,dse-server,615
2025-05-25,dse-base,60
2025-05-25,unitycatalog,11341
2025-05-25,maestro,476
2025-05-25,polaris,399
2025-05-25,neo4j,474
2025-05-25,fluentd-elasticsearch,413
2025-05-26,data-caterer,3482
2025-05-26,duckdb,6182
2025-05-26,dse-server,621
2025-05-26,dse-base,60
2025-05-26,unitycatalog,11347
2025-05-26,maestro,482
2025-05-26,polaris,405
2025-05-26,neo4j,480
2025-05-26,fluentd-elasticsearch,419
2025-05-27,data-caterer,3487
2025-05-27,duckdb,6222
2025-05-27,dse-server,626
2025-05-27,dse-base,60
2025-05-27,unitycatalog,11353
2025-05-27,maestro,487
2025-05-27,polaris,410
2025-05-27,neo4j,485
2025-05-27,fluentd-elasticsearch,425
2025-05-28,data-caterer,3492
2025-05-28,duckdb,6266
2025-05-28,dse-server,631
2025-05-28,dse-base,60
2025-05-28,unitycatalog,11358
2025-05-28,maestro,492
2025-05-28,polaris,415
2025-05-28,neo4j,490
2025-05-28,fluentd-elasticsearch,430
2025-05-29,data-caterer,3498
2025-05-29,duckdb,6316
2025-05-29,dse-server,637
2025-05-29,dse-base,60
2025-05-29,unitycatalog,11364
2025-05-29,maestro,498
2025-05-29,polaris,421
2025-05-29,neo4j,496
2025-05-29,fluentd-elasticsearch,436
2025-05-30,data-caterer,3504
2025-05-30,duckdb,6372
2025-05-30,dse-server,643
2025-05-30,dse-base,60
2025-05-30,unitycatalog,11371
2025-05-30,maestro,504
2025-05-30,polaris,427
2025-05-30,neo4j,503
2025-05-30,fluentd-elasticsearch,442
2025-05-31,data-caterer,3510
2025-05-31,duckdb,6473
2025-05-31,dse-server,649
2025-05-31,dse-base,60
2025-05-31,unitycatalog,11377
2025-05-31,maestro,510
2025-05-31,polaris,433
2025-05-31,neo4j,509
2025-05-31,fluentd-elasticsearch,448
2025-06-01,data-caterer,3518
2025-06-01,duckdb,6494
2025-06-01,dse-server,657
2025-06-01,dse-base,60
2025-06-01,unitycatalog,11386
2025-06-01,maestro,518
2025-06-01,polaris,441
2025-06-01,neo4j,517
2025-06-01,fluentd-elasticsearch,456
2025-06-02,data-caterer,3525
2025-06-02,duckdb,6531
2025-06-02,dse-server,664
2025-06-02,dse-base,60
2025-06-02,unitycatalog,11394
2025-06-02,maestro,525
2025-06-02,polaris,448
2025-06-02,neo4j,524
2025-06-02,fluentd-elasticsearch,463
2025-06-03,data-caterer,3531
2025-06-03,duckdb,6586
2025-06-03,dse-server,670
2025-06-03,dse-base,60
2025-06-03,unitycatalog,11400
2025-06-03,maestro,531
2025-06-03,polaris,454
2025-06-03,neo4j,531
2025-06-03,fluentd-elasticsearch,469
2025-06-04,data-caterer,3537
2025-06-04,duckdb,6620
2025-06-04,dse-server,676
2025-06-04,dse-base,60
2025-06-04,unitycatalog,11406
2025-06-04,maestro,537
2025-06-04,polaris,460
2025-06-04,neo4j,537
2025-06-04,fluentd-elasticsearch,475
2025-06-05,data-caterer,3543
2025-06-05,duckdb,6661
2025-06-05,dse-server,682
2025-06-05,dse-base,60
2025-06-05,unitycatalog,11412
2025-06-05,maestro,543
2025-06-05,polaris,466
2025-06-05,neo4j,543
2025-06-05,fluentd-elasticsearch,481
2025-06-06,data-caterer,3546
2025-06-06,duckdb,6701
2025-06-06,dse-server,685
2025-06-06,dse-base,60
2025-06-06,unitycatalog,11415
2025-06-06,maestro,546
2025-06-06,polaris,469
2025-06-06,neo4j,546
2025-06-06,fluentd-elasticsearch,484
2025-06-07,data-caterer,3547
2025-06-07,duckdb,7160
2025-06-07,dse-server,686
2025-06-07,dse-base,60
2025-06-07,unitycatalog,11416
2025-06-07,maestro,547
2025-06-07,polaris,470
2025-06-07,neo4j,547
2025-06-07,fluentd-elasticsearch,485
2025-06-08,data-caterer,3553
2025-06-08,duckdb,7202
2025-06-08,dse-server,692
2025-06-08,dse-base,60
2025-06-08,unitycatalog,11422
2025-06-08,maestro,554
2025-06-08,polaris,476
2025-06-08,neo4j,553
2025-06-08,fluentd-elasticsearch,491
2025-06-09,data-caterer,3560
2025-06-09,duckdb,7220
2025-06-09,dse-server,697
2025-06-09,dse-base,60
2025-06-09,unitycatalog,11427
2025-06-09,maestro,559
2025-06-09,polaris,481
2025-06-09,neo4j,558
2025-06-09,fluentd-elasticsearch,496
2025-06-10,data-caterer,3565
2025-06-10,duckdb,7256
2025-06-10,dse-server,702
2025-06-10,dse-base,60
2025-06-10,unitycatalog,11432
2025-06-10,maestro,564
2025-06-10,polaris,486
2025-06-10,neo4j,563
2025-06-10,fluentd-elasticsearch,501
2025-06-11,data-caterer,3571
2025-06-11,duckdb,7303
2025-06-11,dse-server,707
2025-06-11,dse-base,60
2025-06-11,unitycatalog,11437
2025-06-11,maestro,569
2025-06-11,polaris,491
2025-06-11,neo4j,568
2025-06-11,fluentd-elasticsearch,506
2025-06-12,data-caterer,3576
2025-06-12,duckdb,7337
2025-06-12,dse-server,712
2025-06-12,dse-base,60
2025-06-12,unitycatalog,11443
2025-06-12,maestro,574
2025-06-12,polaris,496
2025-06-12,neo4j,573
2025-06-12,fluentd-elasticsearch,511
2025-06-13,data-caterer,3584
2025-06-13,duckdb,7385
2025-06-13,dse-server,717
2025-06-13,dse-base,60
2025-06-13,unitycatalog,11448
2025-06-13,maestro,579
2025-06-13,polaris,501
2025-06-13,neo4j,578
2025-06-13,fluentd-elasticsearch,516
2025-06-14,data-caterer,3591
2025-06-14,duckdb,7546
2025-06-14,dse-server,722
2025-06-14,dse-base,60
2025-06-14,unitycatalog,11454
2025-06-14,maestro,585
2025-06-14,polaris,507
2025-06-14,neo4j,584
2025-06-14,fluentd-elasticsearch,522
2025-06-15,data-caterer,3691
2025-06-15,duckdb,7590
2025-06-15,dse-server,728
2025-06-15,dse-base,60
2025-06-15,unitycatalog,11460
2025-06-15,maestro,591
2025-06-15,polaris,513
2025-06-15,neo4j,590
2025-06-15,fluentd-elasticsearch,529
2025-06-16,data-caterer,3701
2025-06-16,duckdb,7664
2025-06-16,dse-server,734
2025-06-16,dse-base,60
2025-06-16,unitycatalog,11466
2025-06-16,maestro,597
2025-06-16,polaris,519
2025-06-16,neo4j,596
2025-06-16,fluentd-elasticsearch,535
2025-06-17,data-caterer,3735
2025-06-17,duckdb,7772
2025-06-17,dse-server,739
2025-06-17,dse-base,60
2025-06-17,unitycatalog,11471
2025-06-17,maestro,602
2025-06-17,polaris,524
2025-06-17,neo4j,601
2025-06-17,fluentd-elasticsearch,540
2025-06-18,data-caterer,3749
2025-06-18,duckdb,7830
2025-06-18,dse-server,745
2025-06-18,dse-base,60
2025-06-18,unitycatalog,11477
2025-06-18,maestro,608
2025-06-18,polaris,530
2025-06-18,neo4j,607
2025-06-18,fluentd-elasticsearch,546
2025-06-19,data-caterer,3755
2025-06-19,duckdb,7877
2025-06-19,dse-server,750
2025-06-19,dse-base,60
2025-06-19,unitycatalog,11483
2025-06-19,maestro,613
2025-06-19,polaris,535
2025-06-19,neo4j,612
2025-06-19,fluentd-elasticsearch,551
2025-06-20,data-caterer,3761
2025-06-20,duckdb,7914
2025-06-20,dse-server,755
2025-06-20,dse-base,60
2025-06-20,unitycatalog,11488
2025-06-20,maestro,618
2025-06-20,polaris,540
2025-06-20,neo4j,617
2025-06-20,fluentd-elasticsearch,556
2025-06-21,data-caterer,3766
2025-06-21,duckdb,7943
2025-06-21,dse-server,760
2025-06-21,dse-base,60
2025-06-21,unitycatalog,11493
2025-06-21,maestro,623
2025-06-21,polaris,545
2025-06-21,neo4j,622
2025-06-21,fluentd-elasticsearch,561
2025-06-22,data-caterer,3773
2025-06-22,duckdb,7962
2025-06-22,dse-server,767
2025-06-22,dse-base,60
2025-06-22,unitycatalog,11500
2025-06-22,maestro,630
2025-06-22,polaris,552
2025-06-22,neo4j,629
2025-06-22,fluentd-elasticsearch,568
2025-06-23,data-caterer,3779
2025-06-23,duckdb,7987
2025-06-23,dse-server,773
2025-06-23,dse-base,60
2025-06-23,unitycatalog,11506
2025-06-23,maestro,636
2025-06-23,polaris,558
2025-06-23,neo4j,635
2025-06-23,fluentd-elasticsearch,574
2025-06-24,data-caterer,3784
2025-06-24,duckdb,8022
2025-06-24,dse-server,778
2025-06-24,dse-base,60
2025-06-24,unitycatalog,11511
2025-06-24,maestro,641
2025-06-24,polaris,565
2025-06-24,neo4j,640
2025-06-24,fluentd-elasticsearch,579
2025-06-25,data-caterer,3790
2025-06-25,duckdb,8053
2025-06-25,dse-server,782
2025-06-25,dse-base,60
2025-06-25,unitycatalog,11516
2025-06-25,maestro,645
2025-06-25,polaris,569
2025-06-25,neo4j,644
2025-06-25,fluentd-elasticsearch,583
2025-06-26,data-caterer,3794
2025-06-26,duckdb,8097
2025-06-26,dse-server,786
2025-06-26,dse-base,60
2025-06-26,unitycatalog,11520
2025-06-26,maestro,649
2025-06-26,polaris,573
2025-06-26,neo4j,648
2025-06-26,fluentd-elasticsearch,588
2025-06-27,data-caterer,3799
2025-06-27,duckdb,8146
2025-06-27,dse-server,790
2025-06-27,dse-base,60
2025-06-27,unitycatalog,11525
2025-06-27,maestro,654
2025-06-27,polaris,578
2025-06-27,neo4j,653
2025-06-27,fluentd-elasticsearch,593
2025-06-28,data-caterer,3806
2025-06-28,duckdb,8204
2025-06-28,dse-server,795
2025-06-28,dse-base,60
2025-06-28,unitycatalog,11531
2025-06-28,maestro,659
2025-06-28,polaris,583
2025-06-28,neo4j,658
2025-06-28,fluentd-elasticsearch,598
2025-06-29,data-caterer,3812
2025-06-29,duckdb,8285
2025-06-29,dse-server,801
2025-06-29,dse-base,60
2025-06-29,unitycatalog,11537
2025-06-29,maestro,665
2025-06-29,polaris,589
2025-06-29,neo4j,664
2025-06-29,fluentd-elasticsearch,604
2025-06-30,data-caterer,3819
2025-06-30,duckdb,8347
2025-06-30,dse-server,808
2025-06-30,dse-base,60
2025-06-30,unitycatalog,11544
2025-06-30,maestro,672
2025-06-30,polaris,596
2025-06-30,neo4j,671
2025-06-30,fluentd-elasticsearch,611
2025-07-01,data-caterer,3823
2025-07-01,duckdb,8405
2025-07-01,dse-server,812
2025-07-01,dse-base,60
2025-07-01,unitycatalog,11548
2025-07-01,maestro,676
2025-07-01,polaris,600
2025-07-01,neo4j,675
2025-07-01,fluentd-elasticsearch,615
2025-07-02,data-caterer,3828
2025-07-02,duckdb,8459
2025-07-02,dse-server,817
2025-07-02,dse-base,60
2025-07-02,unitycatalog,11553
2025-07-02,maestro,681
2025-07-02,polaris,605
2025-07-02,neo4j,680
2025-07-02,fluentd-elasticsearch,620
2025-07-03,data-caterer,3832
2025-07-03,duckdb,8532
2025-07-03,dse-server,821
2025-07-03,dse-base,60
2025-07-03,unitycatalog,11557
2025-07-03,maestro,685
2025-07-03,polaris,609
2025-07-03,neo4j,684
2025-07-03,fluentd-elasticsearch,624
2025-07-04,data-caterer,3837
2025-07-04,duckdb,8602
2025-07-04,dse-server,826
2025-07-04,dse-base,60
2025-07-04,unitycatalog,11562
2025-07-04,maestro,690
2025-07-04,polaris,614
2025-07-04,neo4j,689
2025-07-04,fluentd-elasticsearch,629
2025-07-05,data-caterer,3844
2025-07-05,duckdb,8669
2025-07-05,dse-server,832
2025-07-05,dse-base,60
2025-07-05,unitycatalog,11568
2025-07-05,maestro,696
2025-07-05,polaris,620
2025-07-05,neo4j,695
2025-07-05,fluentd-elasticsearch,635
2025-07-06,data-caterer,3852
2025-07-06,duckdb,8721
2025-07-06,dse-server,838
2025-07-06,dse-base,60
2025-07-06,unitycatalog,11574
2025-07-06,maestro,702
2025-07-06,polaris,626
2025-07-06,neo4j,701
2025-07-06,fluentd-elasticsearch,641
2025-07-07,data-caterer,3858
2025-07-07,duckdb,8774
2025-07-07,dse-server,844
2025-07-07,dse-base,60
2025-07-07,unitycatalog,11580
2025-07-07,maestro,708
2025-07-07,polaris,632
2025-07-07,neo4j,707
2025-07-07,fluentd-elasticsearch,647
2025-07-08,data-caterer,3872
2025-07-08,duckdb,8856
2025-07-08,dse-server,850
2025-07-08,dse-base,60
2025-07-08,unitycatalog,11587
2025-07-08,maestro,716
2025-07-08,polaris,639
2025-07-08,neo4j,713
2025-07-08,fluentd-elasticsearch,653
2025-07-09,data-caterer,3885
2025-07-09,duckdb,8891
2025-07-09,dse-server,852
2025-07-09,dse-base,60
2025-07-09,unitycatalog,11590
2025-07-09,maestro,718
2025-07-09,polaris,642
2025-07-09,neo4j,715
2025-07-09,fluentd-elasticsearch,655
2025-07-10,data-caterer,3907
2025-07-10,duckdb,9005
2025-07-10,dse-server,860
2025-07-10,dse-base,60
2025-07-10,unitycatalog,11598
2025-07-10,maestro,728
2025-07-10,polaris,650
2025-07-10,neo4j,724
2025-07-10,fluentd-elasticsearch,663
2025-07-11,data-caterer,3919
2025-07-11,duckdb,9077
2025-07-11,dse-server,865
2025-07-11,dse-base,60
2025-07-11,unitycatalog,11603
2025-07-11,maestro,733
2025-07-11,polaris,656
2025-07-11,neo4j,729
2025-07-11,fluentd-elasticsearch,669
2025-07-12,data-caterer,3937
2025-07-12,duckdb,9158
2025-07-12,dse-server,871
2025-07-12,dse-base,60
2025-07-12,unitycatalog,11609
2025-07-12,maestro,739
2025-07-12,polaris,662
2025-07-12,neo4j,736
2025-07-12,fluentd-elasticsearch,675
2025-07-13,data-caterer,3955
2025-07-13,duckdb,9228
2025-07-13,dse-server,876
2025-07-13,dse-base,60
2025-07-13,unitycatalog,11614
2025-07-13,maestro,744
2025-07-13,polaris,668
2025-07-13,neo4j,742
2025-07-13,fluentd-elasticsearch,680
2025-07-14,data-caterer,3997
2025-07-14,duckdb,9283
2025-07-14,dse-server,882
2025-07-14,dse-base,60
2025-07-14,unitycatalog,11620
2025-07-14,maestro,750
2025-07-14,polaris,674
2025-07-14,neo4j,749
2025-07-14,fluentd-elasticsearch,686
2025-07-15,data-caterer,4013
2025-07-15,duckdb,9369
2025-07-15,dse-server,886
2025-07-15,dse-base,60
2025-07-15,unitycatalog,11624
2025-07-15,maestro,754
2025-07-15,polaris,678
2025-07-15,neo4j,754
2025-07-15,fluentd-elasticsearch,690
2025-07-16,data-caterer,4018
2025-07-16,duckdb,9462
2025-07-16,dse-server,890
2025-07-16,dse-base,60
2025-07-16,unitycatalog,11628
2025-07-16,maestro,758
2025-07-16,polaris,682
2025-07-16,neo4j,758
2025-07-16,fluentd-elasticsearch,694
2025-07-17,data-caterer,4024
2025-07-17,duckdb,9568
2025-07-17,dse-server,894
2025-07-17,dse-base,60
2025-07-17,unitycatalog,11632
2025-07-17,maestro,762
2025-07-17,polaris,686
2025-07-17,neo4j,762
2025-07-17,fluentd-elasticsearch,698
2025-07-18,data-caterer,4038
2025-07-18,duckdb,9662
2025-07-18,dse-server,899
2025-07-18,dse-base,60
2025-07-18,unitycatalog,11637
2025-07-18,maestro,767
2025-07-18,polaris,691
2025-07-18,neo4j,767
2025-07-18,fluentd-elasticsearch,703
2025-07-19,data-caterer,4045
2025-07-19,duckdb,9763
2025-07-19,dse-server,905
2025-07-19,dse-base,60
2025-07-19,unitycatalog,11643
2025-07-19,maestro,773
2025-07-19,polaris,697
2025-07-19,neo4j,774
2025-07-19,fluentd-elasticsearch,709
2025-07-20,data-caterer,4052
2025-07-20,duckdb,9827
2025-07-20,dse-server,912
2025-07-20,dse-base,60
2025-07-20,unitycatalog,11650
2025-07-20,maestro,780
2025-07-20,polaris,704
2025-07-20,neo4j,781
2025-07-20,fluentd-elasticsearch,716
2025-07-21,data-caterer,4057
2025-07-21,duckdb,9882
2025-07-21,dse-server,917
2025-07-21,dse-base,60
2025-07-21,unitycatalog,11655
2025-07-21,maestro,785
2025-07-21,polaris,709
2025-07-21,neo4j,786
2025-07-21,fluentd-elasticsearch,721
2025-07-22,data-caterer,4061
2025-07-22,duckdb,10012
2025-07-22,dse-server,921
2025-07-22,dse-base,60
2025-07-22,unitycatalog,11659
2025-07-22,maestro,789
2025-07-22,polaris,713
2025-07-22,neo4j,790
2025-07-22,fluentd-elasticsearch,725
2025-07-23,data-caterer,4066
2025-07-23,duckdb,10101
2025-07-23,dse-server,925
2025-07-23,dse-base,60
2025-07-23,unitycatalog,11663
2025-07-23,maestro,793
2025-07-23,polaris,717
2025-07-23,neo4j,794
2025-07-23,fluentd-elasticsearch,729
2025-07-24,data-caterer,4072
2025-07-24,duckdb,10186
2025-07-24,dse-server,930
2025-07-24,dse-base,60
2025-07-24,unitycatalog,11668
2025-07-24,maestro,798
2025-07-24,polaris,722
2025-07-24,neo4j,799
2025-07-24,fluentd-elasticsearch,734
2025-07-25,data-caterer,4077
2025-07-25,duckdb,10280
2025-07-25,dse-server,935
2025-07-25,dse-base,60
2025-07-25,unitycatalog,11673
2025-07-25,maestro,803
2025-07-25,polaris,727
2025-07-25,neo4j,808
2025-07-25,fluentd-elasticsearch,739
2025-07-26,data-caterer,4081
2025-07-26,duckdb,10351
2025-07-26,dse-server,939
2025-07-26,dse-base,60
2025-07-26,unitycatalog,11677
2025-07-26,maestro,807
2025-07-26,polaris,731
2025-07-26,neo4j,812
2025-07-26,fluentd-elasticsearch,743
2025-07-27,data-caterer,4081
2025-07-27,duckdb,10394
2025-07-27,dse-server,939
2025-07-27,dse-base,60
2025-07-27,unitycatalog,11677
2025-07-27,maestro,807
2025-07-27,polaris,731
2025-07-27,neo4j,812
2025-07-27,fluentd-elasticsearch,743
2025-07-28,data-caterer,4081
2025-07-28,duckdb,10412
2025-07-28,dse-server,939
2025-07-28,dse-base,60
2025-07-28,unitycatalog,11677
2025-07-28,maestro,807
2025-07-28,polaris,731
2025-07-28,neo4j,812
2025-07-28,fluentd-elasticsearch,743
2025-07-29,data-caterer,4081
2025-07-29,duckdb,10472
2025-07-29,dse-server,939
2025-07-29,dse-base,60
2025-07-29,unitycatalog,11677
2025-07-29,maestro,807
2025-07-29,polaris,731
2025-07-29,neo4j,812
2025-07-29,fluentd-elasticsearch,743
2025-07-30,data-caterer,4081
2025-07-30,duckdb,10535
2025-07-30,dse-server,939
2025-07-30,dse-base,60
2025-07-30,unitycatalog,11677
2025-07-30,maestro,807
2025-07-30,polaris,731
2025-07-30,neo4j,812
2025-07-30,fluentd-elasticsearch,743
2025-07-31,data-caterer,4087
2025-07-31,duckdb,10590
2025-07-31,dse-server,945
2025-07-31,dse-base,60
2025-07-31,unitycatalog,11683
2025-07-31,maestro,813
2025-07-31,polaris,737
2025-07-31,neo4j,818
2025-07-31,fluentd-elasticsearch,749

2025-08-02,data-caterer,4097
2025-08-02,duckdb,10711
2025-08-02,dse-server,954
2025-08-02,dse-base,60
2025-08-02,unitycatalog,11692
2025-08-02,maestro,822
2025-08-02,polaris,746
2025-08-02,neo4j,827
2025-08-02,fluentd-elasticsearch,758
2025-08-03,data-caterer,4103
2025-08-03,duckdb,10750
2025-08-03,dse-server,959
2025-08-03,dse-base,60
2025-08-03,unitycatalog,11697
2025-08-03,maestro,827
2025-08-03,polaris,751
2025-08-03,neo4j,832
2025-08-03,fluentd-elasticsearch,765
2025-08-04,data-caterer,4109
2025-08-04,duckdb,10788
2025-08-04,dse-server,965
2025-08-04,dse-base,60
2025-08-04,unitycatalog,11703
2025-08-04,maestro,838
2025-08-04,polaris,759
2025-08-04,neo4j,838
2025-08-04,fluentd-elasticsearch,771
2025-08-05,data-caterer,4114
2025-08-05,duckdb,10847
2025-08-05,dse-server,973
2025-08-05,dse-base,61
2025-08-05,unitycatalog,11708
2025-08-05,maestro,843
2025-08-05,polaris,764
2025-08-05,neo4j,843
2025-08-05,fluentd-elasticsearch,776
2025-08-06,data-caterer,4123
2025-08-06,duckdb,10909
2025-08-06,dse-server,981
2025-08-06,dse-base,61
2025-08-06,unitycatalog,11720
2025-08-06,maestro,851
2025-08-06,polaris,772
2025-08-06,neo4j,851
2025-08-06,fluentd-elasticsearch,783
2025-08-07,data-caterer,4131
2025-08-07,duckdb,10974
2025-08-07,dse-server,989
2025-08-07,dse-base,61
2025-08-07,unitycatalog,11727
2025-08-07,maestro,859
2025-08-07,polaris,780
2025-08-07,neo4j,861
2025-08-07,fluentd-elasticsearch,791
2025-08-08,data-caterer,4138
2025-08-08,duckdb,11053
2025-08-08,dse-server,996
2025-08-08,dse-base,61
2025-08-08,unitycatalog,11734
2025-08-08,maestro,866
2025-08-08,polaris,787
2025-08-08,neo4j,869
2025-08-08,fluentd-elasticsearch,798
2025-08-09,data-caterer,4153
2025-08-09,duckdb,11111
2025-08-09,dse-server,1002
2025-08-09,dse-base,61
2025-08-09,unitycatalog,11739
2025-08-09,maestro,871
2025-08-09,polaris,792
2025-08-09,neo4j,875
2025-08-09,fluentd-elasticsearch,803
2025-08-10,data-caterer,4170
2025-08-10,duckdb,11163
2025-08-10,dse-server,1009
2025-08-10,dse-base,61
2025-08-10,unitycatalog,11745
2025-08-10,maestro,878
2025-08-10,polaris,798
2025-08-10,neo4j,882
2025-08-10,fluentd-elasticsearch,810
2025-08-11,data-caterer,4176
2025-08-11,duckdb,11191
2025-08-11,dse-server,1015
2025-08-11,dse-base,61
2025-08-11,unitycatalog,11752
2025-08-11,maestro,884
2025-08-11,polaris,805
2025-08-11,neo4j,889
2025-08-11,fluentd-elasticsearch,816
2025-08-12,data-caterer,4185
2025-08-12,duckdb,11262
2025-08-12,dse-server,1020
2025-08-12,dse-base,61
2025-08-12,unitycatalog,11757
2025-08-12,maestro,889
2025-08-12,polaris,810
2025-08-12,neo4j,894
2025-08-12,fluentd-elasticsearch,821
2025-08-13,data-caterer,4190
2025-08-13,duckdb,11313
2025-08-13,dse-server,1025
2025-08-13,dse-base,61
2025-08-13,unitycatalog,11762
2025-08-13,maestro,894
2025-08-13,polaris,815
2025-08-13,neo4j,900
2025-08-13,fluentd-elasticsearch,826
2025-08-14,data-caterer,4195
2025-08-14,duckdb,11344
2025-08-14,dse-server,1030
2025-08-14,dse-base,61
2025-08-14,unitycatalog,11767
2025-08-14,maestro,899
2025-08-14,polaris,820
2025-08-14,neo4j,905
2025-08-14,fluentd-elasticsearch,831
2025-08-15,data-caterer,4201
2025-08-15,duckdb,11344
2025-08-15,dse-server,1035
2025-08-15,dse-base,61
2025-08-15,unitycatalog,11772
2025-08-15,maestro,904
2025-08-15,polaris,825
2025-08-15,neo4j,910
2025-08-15,fluentd-elasticsearch,836
2025-08-16,data-caterer,4228
2025-08-16,duckdb,11344
2025-08-16,dse-server,1042
2025-08-16,dse-base,61
2025-08-16,unitycatalog,11780
2025-08-16,maestro,911
2025-08-16,polaris,832
2025-08-16,neo4j,916
2025-08-16,fluentd-elasticsearch,844
2025-08-17,data-caterer,4273
2025-08-17,duckdb,11344
2025-08-17,dse-server,1047
2025-08-17,dse-base,61
2025-08-17,unitycatalog,11785
2025-08-17,maestro,916
2025-08-17,polaris,837
2025-08-17,neo4j,921
2025-08-17,fluentd-elasticsearch,849
2025-08-18,data-caterer,4280
2025-08-18,duckdb,11344
2025-08-18,dse-server,1053
2025-08-18,dse-base,61
2025-08-18,unitycatalog,11791
2025-08-18,maestro,922
2025-08-18,polaris,843
2025-08-18,neo4j,927
2025-08-18,fluentd-elasticsearch,855
2025-08-19,data-caterer,4286
2025-08-19,duckdb,11689
2025-08-19,dse-server,1059
2025-08-19,dse-base,61
2025-08-19,unitycatalog,11797
2025-08-19,maestro,928
2025-08-19,polaris,849
2025-08-19,neo4j,933
2025-08-19,fluentd-elasticsearch,861
2025-08-20,data-caterer,4291
2025-08-20,duckdb,11775
2025-08-20,dse-server,1064
2025-08-20,dse-base,61
2025-08-20,unitycatalog,11802
2025-08-20,maestro,933
2025-08-20,polaris,854
2025-08-20,neo4j,938
2025-08-20,fluentd-elasticsearch,866
2025-08-21,data-caterer,4296
2025-08-21,duckdb,11834
2025-08-21,dse-server,1069
2025-08-21,dse-base,61
2025-08-21,unitycatalog,11807
2025-08-21,maestro,938
2025-08-21,polaris,859
2025-08-21,neo4j,943
2025-08-21,fluentd-elasticsearch,871
2025-08-22,data-caterer,4310
2025-08-22,duckdb,11897
2025-08-22,dse-server,1074
2025-08-22,dse-base,61
2025-08-22,unitycatalog,11811
2025-08-22,maestro,942
2025-08-22,polaris,863
2025-08-22,neo4j,947
2025-08-22,fluentd-elasticsearch,875
2025-08-23,data-caterer,4414
2025-08-23,duckdb,11957
2025-08-23,dse-server,1079
2025-08-23,dse-base,62
2025-08-23,unitycatalog,11817
2025-08-23,maestro,948
2025-08-23,polaris,869
2025-08-23,neo4j,953
2025-08-23,fluentd-elasticsearch,881
2025-08-24,data-caterer,4420
2025-08-24,duckdb,11983
2025-08-24,dse-server,1085
2025-08-24,dse-base,62
2025-08-24,unitycatalog,11823
2025-08-24,maestro,954
2025-08-24,polaris,875
2025-08-24,neo4j,959
2025-08-24,fluentd-elasticsearch,887
2025-08-25,data-caterer,4426
2025-08-25,duckdb,12014
2025-08-25,dse-server,1092
2025-08-25,dse-base,62
2025-08-25,unitycatalog,11829
2025-08-25,maestro,960
2025-08-25,polaris,881
2025-08-25,neo4j,965
2025-08-25,fluentd-elasticsearch,893
2025-08-26,data-caterer,4535
2025-08-26,duckdb,12053
2025-08-26,dse-server,1098
2025-08-26,dse-base,62
2025-08-26,unitycatalog,11836
2025-08-26,maestro,966
2025-08-26,polaris,887
2025-08-26,neo4j,971
2025-08-26,fluentd-elasticsearch,899
2025-08-27,data-caterer,4539
2025-08-27,duckdb,12125
2025-08-27,dse-server,1102
2025-08-27,dse-base,62
2025-08-27,unitycatalog,11840
2025-08-27,maestro,970
2025-08-27,polaris,891
2025-08-27,neo4j,975
2025-08-27,fluentd-elasticsearch,903
2025-08-28,data-caterer,4543
2025-08-28,duckdb,12170
2025-08-28,dse-server,1106
2025-08-28,dse-base,62
2025-08-28,unitycatalog,11844
2025-08-28,maestro,974
2025-08-28,polaris,895
2025-08-28,neo4j,979
2025-08-28,fluentd-elasticsearch,907
2025-08-29,data-caterer,4546
2025-08-29,duckdb,12234
2025-08-29,dse-server,1109
2025-08-29,dse-base,62
2025-08-29,unitycatalog,11847
2025-08-29,maestro,977
2025-08-29,polaris,898
2025-08-29,neo4j,982
2025-08-29,fluentd-elasticsearch,910
